time,latitude,longitude,depth,mag,magType,nst,gap,dmin,rms,net,id,updated,place,type,horizontalError,depthError,magError,magNst,status,locationSource,magSource
2026-03-19T13:43:37.244Z,49.6728,155.7372,54.353,4.8,mb,31,94,23.259,0.98,us,us6000shf6,2026-03-19T14:21:44.040Z,"114 km SSW of Severo-Kuril’sk, Russia",earthquake,14.36,7.66,0.074,57,reviewed,us,us
2026-03-19T13:17:15.167Z,49.4471,156.007,39.216,4.5,mb,28,191,3.817,0.85,us,us6000shew,2026-03-19T14:28:04.040Z,"136 km S of Severo-Kuril’sk, Russia",earthquake,11.93,6.985,0.104,27,reviewed,us,us
2026-03-19T12:48:49.143Z,49.0768,156.2599,10,5.2,mb,68,116,4.137,0.81,us,us6000sheg,2026-03-19T14:12:09.040Z,"178 km S of Severo-Kuril’sk, Russia",earthquake,7.99,1.584,0.034,284,reviewed,us,us
2026-03-19T11:36:45.128Z,4.9769,-82.5755,10,5.4,mww,68,144,4.309,0.9,us,us6000shdm,2026-03-19T14:01:27.229Z,"south of Panama",earthquake,8.3,1.909,0.069,20,reviewed,us,us
2026-03-19T07:43:31.931Z,49.1691,156.0797,37.609,5.6,mww,115,132,4.074,0.64,us,us6000shc9,2026-03-19T14:06:43.040Z,"167 km S of Severo-Kuril’sk, Russia",earthquake,7.47,7.123,0.083,14,reviewed,us,us
2026-03-19T06:26:36.673Z,-21.4372,68.8592,10,5,mb,74,117,5.407,0.78,us,us6000shc0,2026-03-19T06:47:20.040Z,"Mid-Indian Ridge",earthquake,11.24,1.892,0.071,64,reviewed,us,us
2026-03-19T02:07:29.673Z,-59.3269,-25.9885,35,5.1,mb,47,86,19.554,0.74,us,us6000shar,2026-03-19T02:26:00.040Z,"South Sandwich Islands region",earthquake,13.35,1.925,0.079,52,reviewed,us,us
2026-03-18T22:07:55.816Z,19.772,-74.2937,10.985,4.5,mb,32,51,0.406,1.18,us,us6000sh9q,2026-03-18T22:33:15.040Z,"54 km SSW of Maisí, Cuba",earthquake,3.44,5.335,0.116,22,reviewed,us,us
2026-03-18T21:23:02.008Z,40.9524,141.908,64.376,4.7,mb,41,147,0.66,0.81,us,us6000sh9j,2026-03-18T21:39:51.040Z,"52 km NE of Misawa, Japan",earthquake,6.43,7.271,0.082,45,reviewed,us,us
2026-03-18T20:51:06.002Z,-19.3883,-177.5914,572.494,4.8,mb,53,59,4.092,0.95,us,us6000sh9d,2026-03-18T21:05:59.040Z,"Fiji region",earthquake,13.12,9.11,0.064,75,reviewed,us,us
2026-03-18T17:35:31.197Z,15.3861,-89.0405,10,5,mww,106,51,1.64,0.65,us,us6000sh81,2026-03-19T05:50:44.379Z,"15 km NNE of Los Amates, Guatemala",earthquake,6.13,1.848,0.065,23,reviewed,us,us
2026-03-18T14:51:10.263Z,-21.0076,68.5588,10,4.8,mb,50,139,5.024,0.67,us,us6000sh65,2026-03-18T16:42:34.040Z,"Mid-Indian Ridge",earthquake,12.58,1.929,0.084,44,reviewed,us,us
2026-03-18T14:24:51.954Z,38.4558,73.1547,117.381,4.5,mb,19,212,0.545,0.55,us,us6000sh62,2026-03-19T10:28:56.040Z,"77 km WNW of Murghob, Tajikistan",earthquake,8.53,7.271,0.221,6,reviewed,us,us
2026-03-18T12:19:53.872Z,-21.5209,68.7805,10,4.6,mb,32,139,5.362,0.53,us,us6000sh5k,2026-03-18T12:36:29.040Z,"Mid-Indian Ridge",earthquake,13.97,1.938,0.111,24,reviewed,us,us
2026-03-18T12:11:54.287Z,-21.6321,68.7785,10,4.9,mb,51,134,5.396,0.79,us,us6000sh5h,2026-03-18T12:28:15.040Z,"Mid-Indian Ridge",earthquake,12.64,1.919,0.085,43,reviewed,us,us
2026-03-18T12:06:34.072Z,-21.5543,68.9376,10,4.6,mb,32,84,5.512,0.42,us,us6000sh5t,2026-03-19T06:41:54.040Z,"Mid-Indian Ridge",earthquake,10.86,1.895,0.112,24,reviewed,us,us
2026-03-18T11:10:59.843Z,-21.423,68.7092,10,5.4,mww,58,43,5.27,0.95,us,us6000sh5b,2026-03-19T11:49:43.527Z,"Mid-Indian Ridge",earthquake,10.28,1.777,0.089,12,reviewed,us,us
2026-03-18T10:08:43.719Z,32.4671,141.7638,10,4.8,mb,84,120,4.815,1.01,us,us6000sh54,2026-03-18T10:29:47.040Z,"Izu Islands, Japan region",earthquake,9.35,1.865,0.052,114,reviewed,us,us
2026-03-18T06:04:30.516Z,18.0585,145.4382,327.34,4.7,mb,76,96,2.822,0.72,us,us6000sh3g,2026-03-18T06:24:52.040Z,"Pagan region, Northern Mariana Islands",earthquake,9.94,7.871,0.032,294,reviewed,us,us
2026-03-18T04:36:32.427Z,52.1361,176.4408,6.784,4.9,mww,61,151,1.291,0.59,us,us6000sh32,2026-03-18T04:54:39.972Z,"234 km ESE of Attu Station, Alaska",earthquake,5.95,4.888,0.06,27,reviewed,us,us
2026-03-17T23:27:57.296Z,-14.8705,167.0253,84.489,4.9,mb,43,54,0.598,0.54,us,us6000sh1y,2026-03-18T01:14:22.420Z,"19 km NNW of Port-Olry, Vanuatu",earthquake,9.51,6.398,0.07,65,reviewed,us,us
2026-03-17T23:24:54.043Z,35.9484,-4.5158,75.676,4.5,mb,65,68,3.592,0.73,us,us6000sh1w,2026-03-18T21:59:04.147Z,"66 km S of Fuengirola, Spain",earthquake,9.14,7.699,0.073,55,reviewed,us,us
2026-03-17T21:13:32.230Z,42.2522,144.3656,35,4.5,mb,36,101,0.93,0.64,us,us6000sh1g,2026-03-17T22:32:01.040Z,"80 km S of Kushiro, Japan",earthquake,4.68,1.917,0.074,53,reviewed,us,us
2026-03-17T20:25:33.284Z,8.7414,-82.9894,49.43,4.6,mb,27,200,0.576,0.97,us,us6000sh19,2026-03-18T14:16:05.918Z,"7 km W of Cañas Gordas, Panama",earthquake,12.42,5.629,0.095,33,reviewed,us,us
2026-03-17T19:53:57.143Z,-10.4517,-13.1421,10,5,mb,43,99,30.905,0.5,us,us6000sh12,2026-03-17T20:24:23.040Z,"Ascension Island region",earthquake,14.7,1.885,0.091,39,reviewed,us,us
2026-03-17T19:19:08.781Z,-13.5196,172.0712,10,4.7,mb,30,84,5.089,0.73,us,us6000sh4h,2026-03-18T17:09:56.040Z,"Vanuatu region",earthquake,3.64,1.89,0.127,23,reviewed,us,us
2026-03-17T16:21:37.453Z,52.1503,176.4619,10,5.3,mww,141,93,1.28,0.92,us,us6000sgvw,2026-03-18T14:25:15.040Z,"235 km ESE of Attu Station, Alaska",earthquake,6.85,1.811,0.053,34,reviewed,us,us
2026-03-17T14:32:46.203Z,47.2678,153.5234,49.74,5,mww,300,63,6.431,0.53,us,us6000sgv2,2026-03-18T14:12:36.040Z,"Kuril Islands",earthquake,9.85,5.016,0.089,12,reviewed,us,us
2026-03-17T14:18:00.180Z,-33.1836,-178.5337,10,5,mb,66,77,3.96,0.78,us,us6000sguy,2026-03-18T13:49:16.040Z,"south of the Kermadec Islands",earthquake,9.39,1.817,0.079,51,reviewed,us,us
2026-03-17T11:33:48.860Z,-3.0569,146.0211,10,4.8,mb,19,146,1.679,0.53,us,us6000sgue,2026-03-17T11:51:03.040Z,"179 km SW of Lorengau, Papua New Guinea",earthquake,11.35,1.929,0.148,16,reviewed,us,us
2026-03-17T11:05:45.012Z,59.8581,151.46,10,4.9,mb,77,72,7.593,0.72,us,us6000sguc,2026-03-18T09:25:58.295Z,"32 km NNE of Ola, Russia",earthquake,9.78,1.884,0.037,228,reviewed,us,us
2026-03-17T06:59:41.105Z,27.3316,52.6049,10,4.5,mb,57,83,4.014,0.58,us,us6000sgsq,2026-03-17T07:19:33.040Z,"37 km SW of Mohr, Iran",earthquake,7.57,1.846,0.073,55,reviewed,us,us
2026-03-17T04:44:09.528Z,19.7432,-74.3765,10,4.7,mb,32,67,0.451,1,us,us6000sgs5,2026-03-17T10:11:31.745Z,"60 km SSW of Maisí, Cuba",earthquake,3.16,1.917,0.117,22,reviewed,us,us
2026-03-17T04:38:53.453Z,-3.6874,151.3007,449.994,4.5,mb,38,70,0.996,0.95,us,us6000sgrw,2026-03-17T04:58:58.040Z,"111 km WNW of Rabaul, Papua New Guinea",earthquake,13.7,8.178,0.097,31,reviewed,us,us
2026-03-17T04:28:25.013Z,19.8399,-74.3586,11.634,5.8,mww,46,42,0.355,1.48,us,us6000sgrt,2026-03-18T17:06:15.999Z,"49 km SSW of Maisí, Cuba",earthquake,5.15,4.288,0.038,66,reviewed,us,us
2026-03-17T03:24:56.936Z,46.1395,152.3757,27.906,4.9,mb,76,134,6.682,0.97,us,us6000sgrg,2026-03-17T03:41:16.040Z,"Kuril Islands",earthquake,9.92,5.836,0.058,95,reviewed,us,us
2026-03-16T23:06:42.276Z,-7.0385,129.6327,157.734,4.8,mb,81,45,2.514,0.8,us,us6000sgqm,2026-03-17T00:10:30.040Z,"Kepulauan Babar, Indonesia",earthquake,11.91,5.863,0.065,72,reviewed,us,us
2026-03-16T19:10:01.720Z,8.8137,126.2203,83.179,4.5,mb,43,120,1.846,1.01,us,us6000sgnj,2026-03-16T19:28:30.040Z,"8 km W of Marihatag, Philippines",earthquake,10.52,7.589,0.087,39,reviewed,us,us
2026-03-16T16:01:14.298Z,-8.9581,123.9216,80.8,4.7,mb,74,50,0.862,0.72,us,us6000sgl9,2026-03-16T16:59:13.040Z,"57 km WNW of Pante Makasar, Timor Leste",earthquake,8.17,5.508,0.074,55,reviewed,us,us
2026-03-16T13:44:32.829Z,51.7026,159.5859,43.004,4.8,mb,100,113,1.442,0.72,us,us6000sgl1,2026-03-16T15:17:52.040Z,"158 km SSE of Vilyuchinsk, Russia",earthquake,7.81,4.386,0.056,99,reviewed,us,us
2026-03-16T13:01:42.178Z,-62.4511,165.3363,10,5.4,mww,16,158,8.646,0.98,us,us6000sgkw,2026-03-18T13:58:58.040Z,"Balleny Islands region",earthquake,9.31,1.982,0.078,16,reviewed,us,us
2026-03-16T11:53:25.233Z,-2.2256,138.9878,10,4.9,mb,50,69,1.738,0.57,us,us6000sgku,2026-03-16T12:25:22.040Z,"187 km WNW of Abepura, Indonesia",earthquake,8.34,1.855,0.07,65,reviewed,us,us
2026-03-16T11:41:58.609Z,-9.2403,118.1226,79.634,4.9,mb,47,73,0.534,0.84,us,us6000sgkr,2026-03-16T12:41:25.875Z,"86 km SSW of Dompu, Indonesia",earthquake,7.39,5.602,0.092,37,reviewed,us,us
2026-03-16T11:37:49.386Z,34.7732,139.4133,121.973,4.6,mb,96,81,1.879,1.13,us,us6000sgkn,2026-03-16T13:36:36.580Z,"37 km SE of Itō, Japan",earthquake,8.59,6.95,0.039,197,reviewed,us,us
2026-03-16T09:19:11.726Z,-10.3463,-74.9438,25.524,4.6,mb,33,109,2.476,0.69,us,us6000sgkc,2026-03-17T04:26:26.001Z,"56 km NE of Villa Rica, Peru",earthquake,7.66,5.69,0.095,33,reviewed,us,us
2026-03-16T06:59:13.470Z,-35.3432,-70.9734,101.669,5,mb,103,95,0.554,1.02,us,us6000sgjq,2026-03-16T14:40:46.040Z,"37 km SE of Molina, Chile",earthquake,6.68,4.986,0.032,309,reviewed,us,us
2026-03-16T06:46:22.352Z,33.8944,25.2899,35,4.9,mb,139,43,1.429,0.58,us,us6000sgjm,2026-03-16T09:02:34.040Z,"123 km S of Pýrgos, Greece",earthquake,6.41,1.87,0.044,163,reviewed,us,us
2026-03-16T06:39:32.225Z,-32.6404,-178.4376,10,4.8,mb,18,148,3.413,0.55,us,us6000sgk9,2026-03-16T13:38:37.040Z,"south of the Kermadec Islands",earthquake,9.74,1.878,0.139,16,reviewed,us,us
2026-03-15T22:45:53.858Z,52.1304,176.3522,10,4.6,mb,91,108,1.382,0.57,us,us6000sgib,2026-03-16T03:25:54.821Z,"229 km ESE of Attu Station, Alaska",earthquake,5.86,1.723,0.046,141,reviewed,us,us
2026-03-15T18:56:54.368Z,41.4045,142.6105,42.986,4.9,mb,72,124,0.734,0.88,us,us6000sghd,2026-03-15T20:16:19.163Z,"84 km SSW of Honchō, Japan",earthquake,5.96,7.092,0.036,241,reviewed,us,us
2026-03-15T18:39:12.226Z,31.4194,131.6063,32.903,4.7,mb,55,129,0.99,1.1,us,us6000sghb,2026-03-15T21:51:32.645Z,"30 km SE of Nichinan, Japan",earthquake,8.09,6.341,0.073,57,reviewed,us,us
2026-03-15T16:32:41.643Z,40.9048,143.3074,37.859,4.8,mb,50,143,1.115,0.81,us,us6000sggw,2026-03-15T16:47:27.040Z,"139 km SSE of Honchō, Japan",earthquake,6.6,4.743,0.073,57,reviewed,us,us
2026-03-15T12:54:07.239Z,-45.6923,-77.3565,10,4.6,mb,27,150,2.761,0.55,us,us6000sgg9,2026-03-15T13:55:35.040Z,"Off the coast of Aisen, Chile",earthquake,7.74,1.558,0.111,24,reviewed,us,us
2026-03-15T12:09:26.642Z,50.1375,155.7691,93.238,4.5,mb,99,133,3.209,0.52,us,us6000sgg2,2026-03-15T12:31:36.040Z,"65 km SSW of Severo-Kuril’sk, Russia",earthquake,10.44,7.374,0.049,123,reviewed,us,us
2026-03-15T08:28:37.068Z,-45.5694,-77.2733,10,5.3,mww,44,150,2.684,0.73,us,us6000sgfk,2026-03-15T09:10:56.870Z,"Off the coast of Aisen, Chile",earthquake,10.89,1.907,0.069,20,reviewed,us,us
2026-03-15T08:14:55.968Z,24.3607,122.0755,27.716,4.8,mwr,61,41,0.477,0.82,us,us6000sgfh,2026-03-16T14:06:31.428Z,"54 km SE of Yilan, Taiwan",earthquake,4.47,4.64,0.057,30,reviewed,us,us
2026-03-15T05:06:06.727Z,36.3919,139.3214,94.896,4.8,mb,48,96,0.914,0.7,us,us6000sgeb,2026-03-15T16:01:20.861Z,"1 km SW of Kiryū, Japan",earthquake,7.74,5.772,0.049,131,reviewed,us,us
2026-03-15T05:00:40.770Z,12.6324,-88.2997,55.856,5.3,mww,65,144,0.832,1.15,us,us6000sgea,2026-03-15T15:01:27.787Z,"67 km SSW of Chirilagua, El Salvador",earthquake,6.39,7.14,0.05,39,reviewed,us,us
2026-03-15T00:22:49.751Z,15.4081,-91.7302,184.119,4.8,mww,68,99,0.953,0.99,us,us6000sgdf,2026-03-17T17:36:46.956Z,"1 km W of Colotenango, Guatemala",earthquake,8.71,6.228,0.069,20,reviewed,us,us
2026-03-14T21:20:56.614Z,-40.6626,44.8631,10,4.6,mb,26,89,7.681,0.48,us,us6000she6,2026-03-19T12:25:13.040Z,"Southwest Indian Ridge",earthquake,10.03,1.84,0.123,20,reviewed,us,us
2026-03-14T18:32:13.214Z,46.4796,153.3668,24.227,4.9,mww,105,122,7.307,0.57,us,us6000sgc2,2026-03-17T19:22:14.040Z,"Kuril Islands",earthquake,9.66,5.03,0.11,8,reviewed,us,us
2026-03-14T17:43:17.250Z,16.6128,-46.5425,10,5.3,mww,194,31,12.902,0.5,us,us6000sgbx,2026-03-17T14:30:24.040Z,"northern Mid-Atlantic Ridge",earthquake,8.25,1.824,0.069,20,reviewed,us,us
2026-03-14T17:36:09.272Z,-42.429,-72.0967,5.985,4.7,mb,59,128,0.783,0.72,us,us6000sgbr,2026-03-14T19:23:48.040Z,"57 km SW of Lago Puelo, Argentina",earthquake,5.73,4.598,0.077,52,reviewed,us,us
2026-03-14T16:21:36.975Z,34.9004,23.2998,35.11,4.8,mww,100,70,2.532,0.56,us,us6000sgbi,2026-03-16T21:41:30.702Z,"50 km SW of Palaióchora, Greece",earthquake,7.25,5.948,0.089,12,reviewed,us,us
2026-03-14T15:20:26.360Z,-23.0932,-66.5229,229.541,4.5,mb,32,63,1.532,0.63,us,us6000sgb8,2026-03-14T15:57:03.040Z,"87 km W of El Aguilar, Argentina",earthquake,9.15,9.072,0.128,18,reviewed,us,us
2026-03-14T14:35:14.235Z,-20.5556,168.2554,10,5,mb,55,105,2.181,0.44,us,us6000sgb2,2026-03-19T12:18:52.040Z,"110 km ENE of Wé, New Caledonia",earthquake,8.93,1.834,0.065,75,reviewed,us,us
2026-03-14T08:34:38.699Z,-58.7858,-25.6013,73.994,5.2,mb,70,79,7.518,0.63,us,us6000sg9g,2026-03-14T08:57:58.040Z,"South Sandwich Islands region",earthquake,9.38,5.426,0.077,56,reviewed,us,us
2026-03-14T06:17:18.890Z,-47.4228,-9.5571,10,5.1,mb,39,170,18.26,1.07,us,us6000sg8q,2026-03-14T06:32:08.040Z,"southern Mid-Atlantic Ridge",earthquake,15.86,1.97,0.096,35,reviewed,us,us
2026-03-14T05:05:36.354Z,13.7887,-90.6785,77.887,4.6,mb,87,157,0.88,0.85,us,us6000sg8b,2026-03-14T06:21:21.668Z,"16 km S of Iztapa, Guatemala",earthquake,8.8,8.289,0.053,105,reviewed,us,us
2026-03-14T03:02:13.671Z,52.2825,160.3337,35,4.5,mb,28,137,1.266,1.38,us,us6000sg7q,2026-03-14T03:26:13.040Z,"144 km SE of Petropavlovsk-Kamchatsky, Russia",earthquake,12.23,1.897,0.109,25,reviewed,us,us
2026-03-13T23:36:06.313Z,52.2113,159.0842,55.364,4.5,mb,70,122,0.855,1.02,us,us6000sg71,2026-03-14T02:08:21.040Z,"92 km SSE of Vilyuchinsk, Russia",earthquake,7.85,6.429,0.055,98,reviewed,us,us
2026-03-13T22:56:38.226Z,51.622,159.4673,35,4.7,mb,71,133,1.491,0.9,us,us6000sg6u,2026-03-13T23:37:14.040Z,"162 km SSE of Vilyuchinsk, Russia",earthquake,9,1.923,0.06,85,reviewed,us,us
2026-03-13T22:54:36.238Z,-33.2449,-177.9295,10,5,mb,34,144,5.291,1.12,us,us6000sg6t,2026-03-13T23:14:36.040Z,"south of the Kermadec Islands",earthquake,13.34,1.977,0.146,16,reviewed,us,us
2026-03-13T21:09:02.299Z,-24.247,46.1768,10,4.6,mb,33,96,1.029,0.66,us,us6000sg5l,2026-03-13T21:32:55.040Z,"89 km NNW of Amboasary, Madagascar",earthquake,9.72,1.911,0.1,32,reviewed,us,us
2026-03-13T19:55:23.213Z,39.3857,143.2972,25.896,5,mww,192,44,2.213,0.76,us,us6000sg57,2026-03-14T15:22:26.040Z,"116 km E of Yamada, Japan",earthquake,4.83,3.022,0.069,20,reviewed,us,us
2026-03-13T16:15:43.953Z,-34.4738,179.4341,344.041,4.7,mb,26,149,3.214,0.71,us,us6000sg1l,2026-03-13T16:31:34.040Z,"south of the Kermadec Islands",earthquake,7.95,13.195,0.12,21,reviewed,us,us
2026-03-13T13:39:18.599Z,-28.684,-71.6269,10,6.3,mww,46,94,0.682,0.99,us,us6000sg0y,2026-03-17T23:36:13.626Z,"85 km W of Vallenar, Chile",earthquake,4.16,1.905,0.047,44,reviewed,us,us
2026-03-13T07:00:25.481Z,-35.7987,-103.0977,10,5.2,mww,40,152,25.115,1.1,us,us6000sfzl,2026-03-13T07:28:14.040Z,"southeast of Easter Island",earthquake,13.97,1.906,0.086,13,reviewed,us,us
2026-03-13T04:54:31.741Z,-28.2623,-176.6601,10,5.2,mb,37,81,1.483,1.13,us,us6000sfza,2026-03-13T05:13:48.040Z,"Kermadec Islands region",earthquake,12.57,1.885,0.053,127,reviewed,us,us
2026-03-13T03:30:32.440Z,52.2214,176.3065,10,4.7,mb,68,105,1.422,0.85,us,us6000sfz6,2026-03-13T03:55:40.739Z,"222 km ESE of Attu Station, Alaska",earthquake,9.43,1.881,0.047,139,reviewed,us,us
2026-03-13T00:35:14.948Z,40.6932,36.7643,10,5.3,mww,77,28,0.429,0.87,us,us6000sfyj,2026-03-17T16:36:53.040Z,"16 km E of Erbaa, Turkey",earthquake,4.95,1.811,0.056,31,reviewed,us,us
2026-03-12T21:58:46.473Z,-3.5314,149.7727,10,5.2,mww,34,126,2.474,1.33,us,us6000sfy3,2026-03-12T22:11:38.040Z,"155 km SW of Kavieng, Papua New Guinea",earthquake,6.5,1.864,0.086,13,reviewed,us,us
2026-03-12T21:36:11.835Z,-0.2857,125.2513,35,4.5,mb,40,82,6.27,0.73,us,us6000sfxz,2026-03-12T21:56:04.040Z,"121 km SE of Modisi, Indonesia",earthquake,5.62,1.941,0.093,34,reviewed,us,us
2026-03-12T20:45:53.199Z,18.039,-94.9255,10,4.6,mb,30,122,3.188,0.45,us,us6000sfxr,2026-03-15T15:22:18.040Z,"4 km WSW of Comején, Mexico",earthquake,8.08,1.925,0.09,37,reviewed,us,us
2026-03-12T20:04:05.009Z,-0.0719,111.9754,12.178,4.7,mb,51,87,8.335,0.69,us,us6000sfxg,2026-03-12T20:54:48.040Z,"157 km SSE of Simanggang, Malaysia",earthquake,9.35,4.215,0.068,67,reviewed,us,us
2026-03-12T19:18:20.458Z,-7.5278,106.9924,91.781,5.2,mb,123,27,0.655,0.94,us,us6000sfx2,2026-03-13T05:05:48.201Z,"60 km SW of Banjar, Indonesia",earthquake,6.57,4.497,0.049,141,reviewed,us,us
2026-03-12T18:16:39.366Z,51.4108,159.718,10,4.6,mb,65,81,1.744,0.62,us,us6000sfwu,2026-03-12T21:09:18.040Z,"191 km SSE of Vilyuchinsk, Russia",earthquake,8.5,1.867,0.054,105,reviewed,us,us
2026-03-12T14:22:26.232Z,-19.2952,169.1544,151.028,4.6,mb,26,147,3.666,0.72,us,us6000sfty,2026-03-12T14:48:52.040Z,"30 km NNW of Isangel, Vanuatu",earthquake,9.11,9.68,0.114,23,reviewed,us,us
2026-03-12T14:13:38.603Z,-20.7037,168.6876,10,4.5,mb,15,138,2.223,0.63,us,us6000sftx,2026-03-12T14:43:36.040Z,"125 km NE of Tadine, New Caledonia",earthquake,6.13,1.944,0.15,13,reviewed,us,us
2026-03-12T12:14:13.058Z,23.7447,121.5665,20.188,5.2,mwr,73,46,0.428,0.91,us,us6000sftk,2026-03-13T06:40:40.418Z,"26 km S of Hualien City, Taiwan",earthquake,3.75,5.042,0.057,30,reviewed,us,us
2026-03-12T10:14:18.175Z,39.2636,21.598,10,5.1,mb,86,25,0.623,0.97,us,us6000sft6,2026-03-12T17:52:27.040Z,"15 km SE of Anthiró, Greece",earthquake,3.59,1.848,0.044,170,reviewed,us,us
2026-03-12T04:41:07.449Z,-15.0902,-71.413,138.155,4.9,mb,66,100,3.378,1.19,us,us6000sfrl,2026-03-12T04:55:52.040Z,"28 km N of Tisco, Peru",earthquake,8.18,7.7,0.041,184,reviewed,us,us
2026-03-12T00:06:25.513Z,8.9857,126.6457,9.661,4.9,mb,70,93,2.177,1.48,us,us6000sfq8,2026-03-12T01:05:53.785Z,"38 km ENE of Aras-asan, Philippines",earthquake,9.97,4.135,0.056,101,reviewed,us,us
2026-03-11T23:21:12.306Z,53.2612,161.1046,35,4.5,mb,31,179,1.498,0.84,us,us6000sfps,2026-03-11T23:46:07.040Z,"167 km E of Petropavlovsk-Kamchatsky, Russia",earthquake,11.79,1.986,0.102,28,reviewed,us,us
2026-03-11T22:40:44.738Z,-49.8554,110.1744,10,5.3,mww,71,52,16.472,0.74,us,us6000sg1j,2026-03-13T16:21:20.040Z,"southeast Indian Ridge",earthquake,9.73,1.754,0.086,13,reviewed,us,us
2026-03-11T22:40:27.848Z,-21.9499,-179.5707,583.592,4.6,mb,60,67,4.743,0.63,us,us6000sfpg,2026-03-11T22:56:47.040Z,"Fiji region",earthquake,14.31,9.302,0.072,58,reviewed,us,us
2026-03-11T22:26:29.935Z,-33.4094,-178.4794,10,5,mb,40,79,4.178,0.83,us,us6000sfpd,2026-03-11T22:45:25.040Z,"south of the Kermadec Islands",earthquake,10.19,1.897,0.09,39,reviewed,us,us
2026-03-11T21:29:15.079Z,-33.1876,-178.3951,10,5.1,mb,23,79,5.129,0.93,us,us6000sfnu,2026-03-11T21:57:18.040Z,"south of the Kermadec Islands",earthquake,5.07,1.876,0.112,26,reviewed,us,us
2026-03-11T18:39:32.010Z,-33.0139,-178.3118,10,5.2,mb,52,58,3.771,1.01,us,us7000s3qe,2026-03-11T18:58:34.040Z,"south of the Kermadec Islands",earthquake,10.9,1.878,0.075,59,reviewed,us,us
2026-03-11T17:43:01.950Z,-33.3811,-178.4485,10,4.9,mb,34,173,4.147,0.91,us,us6000sfsa,2026-03-18T15:27:37.040Z,"south of the Kermadec Islands",earthquake,11.88,1.901,0.122,21,reviewed,us,us
2026-03-11T16:37:17.230Z,11.4953,-85.7259,196.51,4.8,mww,73,85,0.738,1.01,us,us7000s3n2,2026-03-12T02:10:56.612Z,"5 km SSW of Moyogalpa, Nicaragua",earthquake,8.68,5.777,0.103,9,reviewed,us,us
2026-03-11T15:10:49.191Z,-16.2355,-172.8486,10,5,mb,46,58,2.532,0.79,us,us7000s3mn,2026-03-11T15:31:46.040Z,"106 km ESE of Hihifo, Tonga",earthquake,7.59,1.829,0.051,122,reviewed,us,us
2026-03-11T13:59:56.616Z,11.2399,-87.6139,10,4.8,mb,85,150,2.276,0.9,us,us7000s3mb,2026-03-12T13:28:35.040Z,"134 km WSW of Masachapa, Nicaragua",earthquake,4.77,1.794,0.037,231,reviewed,us,us
2026-03-11T13:32:00.163Z,52.1715,159.1016,59.754,4.9,mb,106,119,0.897,0.87,us,us7000s3m4,2026-03-11T14:17:53.040Z,"96 km SSE of Vilyuchinsk, Russia",earthquake,8.89,6.376,0.035,253,reviewed,us,us
2026-03-11T13:03:35.191Z,-9.5889,149.858,10,4.7,mb,28,84,2.668,0.68,us,us7000s3lw,2026-03-12T12:35:27.040Z,"103 km NW of Alotau, Papua New Guinea",earthquake,6.07,1.861,0.108,26,reviewed,us,us
2026-03-11T12:11:36.301Z,43.1403,87.8971,10,4.5,mb,48,105,5.4,1.22,us,us7000s3lj,2026-03-11T12:34:09.040Z,"77 km SSE of Ürümqi, China",earthquake,9.31,1.813,0.083,42,reviewed,us,us
2026-03-11T08:09:32.832Z,-34.3501,148.8797,10,4.6,mb,13,184,0.971,0.55,us,us7000s3l1,2026-03-17T12:01:28.212Z,"17 km ENE of Boorowa, Australia",earthquake,6.8,1.964,0.193,8,reviewed,us,us
2026-03-11T08:08:25.923Z,-6.3474,129.9259,145.624,4.6,mb,37,72,1.813,1.35,us,us7000s3kw,2026-03-11T09:57:10.040Z,"Banda Sea",earthquake,6.81,7.206,0.089,38,reviewed,us,us
2026-03-11T07:55:18.615Z,40.0936,54.2446,10,5.1,mb,77,57,3.95,0.9,us,us7000s3ku,2026-03-11T08:10:58.040Z,"65 km N of Balkanabat, Turkmenistan",earthquake,7.47,1.852,0.055,107,reviewed,us,us
2026-03-11T07:40:13.865Z,-33.0375,-178.5406,10,5.5,mww,51,68,3.817,0.85,us,us7000s3kt,2026-03-12T08:08:59.179Z,"south of the Kermadec Islands",earthquake,8.78,1.858,0.075,17,reviewed,us,us
2026-03-11T06:26:42.083Z,-33.6771,-179.3487,31.59,5.2,mww,49,67,4.321,1.32,us,us7000s3kj,2026-03-11T06:45:34.040Z,"south of the Kermadec Islands",earthquake,9.81,5.427,0.083,14,reviewed,us,us
2026-03-11T02:12:13.489Z,-0.5352,121.8871,10,5,mb,47,68,4.934,1.02,us,us7000s3jg,2026-03-11T02:30:38.040Z,"110 km WNW of Luwuk, Indonesia",earthquake,9.97,1.874,0.082,48,reviewed,us,us
2026-03-10T23:51:16.936Z,-32.9783,-178.4202,10,5.3,mww,101,43,3.745,0.66,us,us7000s3il,2026-03-12T23:59:45.878Z,"south of the Kermadec Islands",earthquake,10.65,1.762,0.061,26,reviewed,us,us
2026-03-10T23:26:47.788Z,-16.6951,-23.4542,10,4.9,mb,55,67,21.982,0.6,us,us7000s3ij,2026-03-11T03:11:38.040Z,"South Atlantic Ocean",earthquake,11.86,1.874,0.078,51,reviewed,us,us
2026-03-10T22:38:38.393Z,40.9959,142.7867,47.849,4.7,mb,46,128,1.055,0.58,us,us7000s3i8,2026-03-11T02:35:39.040Z,"121 km ENE of Hachinohe, Japan",earthquake,6.33,7.334,0.061,80,reviewed,us,us
2026-03-10T21:45:36.137Z,-9.4883,120.5923,49.917,5,mb,60,59,2.857,0.86,us,us7000s3i3,2026-03-11T02:42:20.040Z,"40 km ENE of Waingapu, Indonesia",earthquake,11.13,5.228,0.071,64,reviewed,us,us
2026-03-10T11:47:45.837Z,51.2571,159.7173,23.043,4.7,mb,45,129,1.887,0.53,us,us7000s3d8,2026-03-10T13:20:51.040Z,"206 km SSE of Vilyuchinsk, Russia",earthquake,6.64,3.354,0.097,32,reviewed,us,us
2026-03-10T11:42:13.247Z,24.0095,125.1122,22.709,4.6,mb,68,82,0.882,0.83,us,us7000s3d5,2026-03-10T14:43:11.040Z,"84 km SSE of Tarama, Japan",earthquake,6.54,5.552,0.082,44,reviewed,us,us
2026-03-10T10:47:12.258Z,-10.0687,118.6474,36.143,4.9,mb,49,86,1.503,0.65,us,us7000s3cz,2026-03-10T11:17:04.040Z,"96 km SW of Tambolaka, Indonesia",earthquake,8.37,7.777,0.083,46,reviewed,us,us
2026-03-10T09:51:18.164Z,-15.0412,167.8829,122.732,4.8,mb,27,165,0.77,0.96,us,us7000s3ct,2026-03-10T10:26:23.040Z,"87 km E of Port-Olry, Vanuatu",earthquake,9.54,5.104,0.121,21,reviewed,us,us
2026-03-10T08:51:11.584Z,-31.5349,-66.8531,127.998,4.6,mb,54,52,1.552,0.88,us,us7000s3ci,2026-03-10T09:07:41.040Z,"113 km WNW of Candelaria, Argentina",earthquake,9.45,8.097,0.044,157,reviewed,us,us
2026-03-10T06:28:05.052Z,37.4489,140.9955,69.63,4.6,mb,57,94,2.41,0.78,us,us7000s3c4,2026-03-10T06:55:58.040Z,"3 km S of Namie, Japan",earthquake,3.08,6.934,0.054,104,reviewed,us,us
2026-03-10T05:20:04.300Z,-23.3455,171.5645,10,5,mb,50,127,3.864,0.78,us,us7000s3bq,2026-03-10T05:38:31.040Z,"southeast of the Loyalty Islands",earthquake,10.17,1.925,0.071,64,reviewed,us,us
2026-03-10T00:42:13.552Z,-23.6175,179.9668,527.385,4.6,mb,61,80,5.913,0.7,us,us7000s3a9,2026-03-10T04:32:02.040Z,"south of the Fiji Islands",earthquake,13.28,6.72,0.04,188,reviewed,us,us
2026-03-09T23:33:32.974Z,-26.2746,179.2729,518.537,4.7,mb,45,101,3.86,1,us,us7000s39w,2026-03-19T03:56:25.040Z,"south of the Fiji Islands",earthquake,12.84,9.568,0.108,26,reviewed,us,us
2026-03-09T23:03:54.245Z,40.5769,13.9885,378.035,6,mww,161,17,0.632,0.68,us,us7000s39n,2026-03-19T04:01:40.188Z,"15 km SSE of Sant'Angelo, Italy",earthquake,6.82,4.764,0.045,47,reviewed,us,us
2026-03-09T22:11:22.450Z,4.6844,-76.0839,114.525,4.6,mb,43,109,1.764,0.53,us,us7000s39a,2026-03-19T02:51:40.647Z,"5 km SE of Argelia, Colombia",earthquake,9.07,7.991,0.048,131,reviewed,us,us
2026-03-09T22:03:46.699Z,-20.1657,-177.5509,551.978,4.7,mb,57,97,4.691,0.75,us,us7000s398,2026-03-19T02:47:50.040Z,"259 km WNW of Houma, Tonga",earthquake,8.53,7.414,0.082,45,reviewed,us,us
2026-03-09T21:06:03.583Z,40.3803,143.9818,10,4.7,mb,53,134,1.748,0.58,us,us7000s38u,2026-03-19T02:44:40.040Z,"186 km E of Noda, Japan",earthquake,7.38,1.895,0.076,52,reviewed,us,us
2026-03-09T19:07:52.017Z,-24.9497,179.7839,497.404,4.6,mb,30,133,7.348,1.07,us,us7000s37v,2026-03-09T20:38:16.040Z,"south of the Fiji Islands",earthquake,13.62,9.38,0.1,30,reviewed,us,us
2026-03-09T16:37:57.413Z,51.6944,159.6841,36.847,5,mb,151,120,1.474,0.69,us,us7000s372,2026-03-09T17:13:39.040Z,"162 km SSE of Vilyuchinsk, Russia",earthquake,8.76,6.603,0.041,187,reviewed,us,us
2026-03-09T16:06:01.559Z,49.9187,159.7345,10,4.5,mb,85,161,3.182,0.54,us,us7000s36v,2026-03-09T21:00:55.040Z,"270 km ESE of Severo-Kuril’sk, Russia",earthquake,10.75,1.936,0.063,74,reviewed,us,us
2026-03-09T15:45:43.393Z,42.1141,140.3109,140.617,5.9,mww,122,35,1.44,0.83,us,us7000s36m,2026-03-10T16:11:22.837Z,"21 km NE of Otobe, Japan",earthquake,6.35,5.924,0.038,65,reviewed,us,us
2026-03-09T15:41:40.993Z,-18.3384,-69.5254,107.024,4.9,mb,92,71,0.017,0.82,us,us7000s36g,2026-03-09T16:20:11.040Z,"77 km SE of Palca, Peru",earthquake,6.25,4.674,0.057,98,reviewed,us,us
2026-03-09T15:37:01.303Z,-38.3188,-73.4752,10,4.9,mb,52,130,1.56,0.79,us,us7000s36c,2026-03-09T18:59:43.040Z,"51 km NNW of Carahue, Chile",earthquake,6.6,1.886,0.119,22,reviewed,us,us
2026-03-09T13:59:10.808Z,-41.6141,85.1797,10,4.5,mb,12,169,35.922,0.62,us,us6000sh7a,2026-03-19T14:40:36.040Z,"southeast Indian Ridge",earthquake,10.18,1.925,0.205,7,reviewed,us,us
2026-03-09T10:52:40.502Z,12.0385,125.4331,10,4.7,mb,77,91,25.13,1.02,us,us7000s352,2026-03-09T11:19:43.040Z,"5 km NNW of Can-Avid, Philippines",earthquake,12.78,1.883,0.064,74,reviewed,us,us
2026-03-09T10:41:27.033Z,-17.1017,67.0955,10,5,mb,49,72,20.328,0.61,us,us7000s350,2026-03-09T11:36:43.040Z,"Mid-Indian Ridge",earthquake,12.27,1.885,0.085,44,reviewed,us,us
2026-03-09T07:38:59.860Z,30.8003,142.7862,10,4.9,mb,58,95,6.607,0.88,us,us7000s341,2026-03-09T08:02:24.040Z,"Izu Islands, Japan region",earthquake,10.23,1.87,0.067,71,reviewed,us,us
2026-03-09T06:21:05.912Z,38.0499,28.9554,10,5.1,mww,69,46,1.505,0.81,us,us7000s33s,2026-03-09T22:05:55.368Z,"10 km E of Buldan, Turkey",earthquake,5.39,1.871,0.062,25,reviewed,us,us
2026-03-09T06:10:17.073Z,-31.4461,-69.5425,111.791,5.1,mb,62,42,0.751,0.96,us,us7000s33f,2026-03-09T18:40:59.040Z,"16 km SW of Calingasta, Argentina",earthquake,5.1,5.515,0.063,82,reviewed,us,us
2026-03-09T06:09:56.365Z,19.1435,145.739,155.953,4.8,mb,117,84,3.881,0.82,us,us7000s33i,2026-03-09T07:04:15.040Z,"Maug Islands region, Northern Mariana Islands",earthquake,10.23,7.438,0.04,189,reviewed,us,us
2026-03-09T02:52:38.615Z,14.3799,-91.334,102.67,4.8,mww,56,150,2.043,1.43,us,us7000s32w,2026-03-09T20:31:28.008Z,"2 km SW of Río Bravo, Guatemala",earthquake,7.57,8.184,0.068,21,reviewed,us,us
2026-03-08T22:41:56.850Z,52.1058,176.3937,10,5.1,mww,97,101,1.317,0.66,us,us7000s322,2026-03-19T01:04:29.040Z,"232 km ESE of Attu Station, Alaska",earthquake,5.06,1.812,0.065,23,reviewed,us,us
2026-03-08T22:02:15.260Z,-6.2666,-76.9636,10,4.6,mb,47,75,4.105,0.55,us,us7000s31x,2026-03-19T00:12:42.040Z,"16 km S of Jepelacio, Peru",earthquake,4.63,1.825,0.059,87,reviewed,us,us
2026-03-08T19:08:04.188Z,21.6109,143.116,303.559,4.7,mb,94,96,6.824,0.6,us,us7000s30z,2026-03-08T19:24:01.040Z,"Mariana Islands region",earthquake,10.93,7.586,0.034,258,reviewed,us,us
2026-03-08T19:06:26.522Z,51.5996,159.3437,35,4.8,mb,58,137,1.488,1.05,us,us7000s310,2026-03-08T19:31:07.040Z,"161 km SSE of Vilyuchinsk, Russia",earthquake,11.48,1.938,0.066,72,reviewed,us,us
2026-03-08T18:23:31.999Z,51.4561,159.4881,10,4.5,mb,46,167,1.652,0.91,us,us7000s30r,2026-03-08T18:43:05.040Z,"180 km SSE of Vilyuchinsk, Russia",earthquake,10.9,1.936,0.086,39,reviewed,us,us
2026-03-08T17:56:12.323Z,51.4632,159.5467,10,4.8,mb,70,128,1.657,0.75,us,us7000s30e,2026-03-08T18:10:47.040Z,"181 km SSE of Vilyuchinsk, Russia",earthquake,8.91,1.893,0.069,64,reviewed,us,us
2026-03-08T17:42:00.947Z,10.0938,-86.0843,10,4.5,mb,23,176,1.07,0.65,us,us7000s308,2026-03-08T17:53:13.040Z,"35 km SW of Tamarindo, Costa Rica",earthquake,6.31,1.974,0.094,33,reviewed,us,us
2026-03-08T17:23:45.691Z,51.64,159.4509,10,5.1,mb,80,134,1.47,0.83,us,us7000s304,2026-03-08T17:42:46.040Z,"160 km SSE of Vilyuchinsk, Russia",earthquake,9.36,1.895,0.046,153,reviewed,us,us
2026-03-08T17:19:14.823Z,51.4956,159.5829,10,5.1,mb,71,121,1.634,0.66,us,us7000s302,2026-03-08T17:38:11.040Z,"178 km SSE of Vilyuchinsk, Russia",earthquake,8.94,1.883,0.059,93,reviewed,us,us
2026-03-08T17:08:42.581Z,51.621,159.3956,16,5.9,mww,102,44,1.477,0.9,us,us7000s2zx,2026-03-09T17:37:12.320Z,"160 km SSE of Vilyuchinsk, Russia",earthquake,9.12,1.843,0.048,41,reviewed,us,us
2026-03-08T14:45:10.999Z,51.6808,159.4893,64.462,4.9,mb,43,160,1.44,1.06,us,us7000s2zf,2026-03-08T15:31:02.040Z,"157 km SSE of Vilyuchinsk, Russia",earthquake,11.2,4.32,0.06,86,reviewed,us,us
2026-03-08T13:17:08.288Z,39.4377,143.2346,16,5.7,mww,93,99,2.143,0.83,us,us7000s2z5,2026-03-09T13:40:25.212Z,"110 km E of Yamada, Japan",earthquake,7.54,1.845,0.06,27,reviewed,us,us
2026-03-08T13:08:37.639Z,39.3324,143.2138,35,5.4,mww,53,130,2.2,1.15,us,us7000s2z4,2026-03-09T13:37:21.124Z,"109 km E of Yamada, Japan",earthquake,8.3,1.913,0.065,23,reviewed,us,us
2026-03-08T11:24:02.856Z,-53.9979,7.6844,10,5.3,mb,56,94,23.556,0.55,us,us7000s2yx,2026-03-08T11:41:17.040Z,"Bouvet Island region",earthquake,13.77,1.897,0.078,55,reviewed,us,us
2026-03-08T10:59:15.325Z,-26.2922,-179.8568,534.761,4.9,mb,44,71,3.401,0.9,us,us7000s2yv,2026-03-08T11:17:32.040Z,"south of the Fiji Islands",earthquake,13.82,11.643,0.095,35,reviewed,us,us
2026-03-08T10:05:18.246Z,-32.5053,79.9676,10,4.8,mb,59,78,46.843,0.48,us,us7000s2yq,2026-03-08T10:39:38.040Z,"Broken Ridge",earthquake,14,1.885,0.078,51,reviewed,us,us
2026-03-08T09:28:26.569Z,-15.9945,-173.9395,134,5.9,mww,109,50,2.941,0.78,us,us7000s2yl,2026-03-09T09:55:26.666Z,"15 km WSW of Hihifo, Tonga",earthquake,8.61,1.945,0.048,41,reviewed,us,us
2026-03-08T07:18:34.262Z,-21.8623,-176.6279,200.124,5.3,mww,47,70,6.469,1.16,us,us7000s2y6,2026-03-08T07:35:12.040Z,"157 km WSW of Houma, Tonga",earthquake,13.46,6.998,0.098,10,reviewed,us,us
2026-03-08T06:48:48.535Z,-0.2916,133.6643,10,4.7,mb,34,130,2.969,0.66,us,us7000s2y3,2026-03-19T07:04:47.040Z,"77 km NW of Manokwari, Indonesia",earthquake,13.42,1.911,0.095,34,reviewed,us,us
2026-03-08T06:05:06.645Z,2.0078,96.582,10,5.2,mww,69,162,1.214,0.57,us,us7000s2xx,2026-03-19T06:37:32.040Z,"56 km SSE of Sinabang, Indonesia",earthquake,8.47,1.898,0.089,12,reviewed,us,us
2026-03-08T06:03:00.326Z,36.7632,71.2715,230.172,4.5,mb,51,103,1.823,0.58,us,us7000s2xv,2026-03-19T06:19:31.040Z,"25 km WNW of Ashkāsham, Afghanistan",earthquake,9.19,7.434,0.058,87,reviewed,us,us
2026-03-08T04:03:23.787Z,-3.5959,152.3976,466.504,4.5,mb,50,99,0.636,0.57,us,us7000s2xb,2026-03-18T02:40:18.040Z,"71 km NNE of Rabaul, Papua New Guinea",earthquake,12.59,7.913,0.071,63,reviewed,us,us
2026-03-08T03:36:28.256Z,39.6464,20.5937,10,4.7,mb,46,46,1.488,1.15,us,us7000s2xz,2026-03-18T02:21:18.040Z,"13 km WSW of Rodotópi, Greece",earthquake,5.21,1.823,0.115,23,reviewed,us,us
2026-03-08T03:32:31.161Z,39.6893,20.716,10,5.5,mww,92,31,1.422,0.63,us,us7000s2x6,2026-03-18T17:06:36.814Z,"2 km SSW of Rodotópi, Greece",earthquake,5.21,1.808,0.044,50,reviewed,us,us
2026-03-08T03:22:08.092Z,52.1502,160.7557,10,4.9,mb,37,124,1.554,0.78,us,us7000s2x5,2026-03-18T02:09:18.040Z,"176 km SE of Petropavlovsk-Kamchatsky, Russia",earthquake,10.43,1.897,0.11,31,reviewed,us,us
2026-03-07T22:55:25.143Z,-28.7602,-71.5046,20.761,4.9,mb,49,143,0.671,1.26,us,us7000s2vw,2026-03-07T23:56:13.450Z,"75 km WSW of Vallenar, Chile",earthquake,3.13,5.649,0.07,63,reviewed,us,us
2026-03-07T20:29:26.758Z,73.2271,-70.3836,10,4.7,mb,94,66,2.294,0.69,us,us7000s2vg,2026-03-08T03:36:23.040Z,"254 km E of Pond Inlet, Canada",earthquake,9.66,1.877,0.039,200,reviewed,us,us
2026-03-07T19:03:59.025Z,34.0571,103.4088,10,4.5,mb,48,101,1.909,1.24,us,us7000s2vb,2026-03-08T02:43:32.040Z,"11 km NW of Kaba, China",earthquake,5.15,1.91,0.086,40,reviewed,us,us
2026-03-07T18:24:36.662Z,36.5403,70.1859,208.479,5.1,mww,191,21,2.265,0.64,us,us7000s2v0,2026-03-10T21:07:44.707Z,"29 km E of Farkhār, Afghanistan",earthquake,4.72,7.034,0.093,11,reviewed,us,us
2026-03-07T18:15:38.393Z,-5.5395,-78.8816,68.809,4.8,mb,144,140,2.304,0.55,us,us7000s2uz,2026-03-10T20:51:44.464Z,"8 km NNE of Huabal, Peru",earthquake,9.58,7.036,0.032,303,reviewed,us,us
2026-03-07T18:04:13.613Z,-17.7626,-172.6813,10,5,mb,39,70,2.923,0.8,us,us7000s2ux,2026-03-10T20:32:50.040Z,"169 km NE of Neiafu, Tonga",earthquake,6.18,2.374,0.09,41,reviewed,us,us
2026-03-07T17:13:25.310Z,-31.5603,-66.8824,130.639,5.1,mww,167,43,1.527,0.75,us,us7000s2u7,2026-03-10T19:00:31.933Z,"114 km WNW of Candelaria, Argentina",earthquake,5.69,4.603,0.062,25,reviewed,us,us
2026-03-07T16:58:42.449Z,-2.9146,101.6406,77.51,5.2,mww,215,46,1.946,0.75,us,us7000s2u5,2026-03-10T18:43:45.040Z,"98 km SSE of Sungai Penuh, Indonesia",earthquake,6.8,4.535,0.098,10,reviewed,us,us
2026-03-07T16:36:10.708Z,-5.6155,-79.1231,41.949,4.6,mb,74,148,2.259,0.63,us,us7000s2u0,2026-03-07T18:16:06.395Z,"21 km ENE of Sallique, Peru",earthquake,6.2,6.821,0.042,174,reviewed,us,us
2026-03-07T16:04:56.236Z,13.8532,120.723,179.156,5,mww,166,47,8.26,0.71,us,us7000s2tu,2026-03-10T18:31:08.148Z,"2 km ENE of Hukay, Philippines",earthquake,9.33,5.602,0.061,26,reviewed,us,us
2026-03-07T15:53:49.081Z,12.8656,124.4095,105.641,5.1,mww,96,94,5.873,0.76,us,us7000s311,2026-03-10T18:27:41.982Z,"20 km NNE of Biri, Philippines",earthquake,11.33,7.392,0.103,9,reviewed,us,us
2026-03-07T11:57:30.033Z,1.2536,125.9179,58.057,4.6,mb,53,96,7.565,1.15,us,us7000s2ru,2026-03-19T05:22:34.040Z,"90 km ESE of Bitung, Indonesia",earthquake,11.21,8.049,0.077,50,reviewed,us,us
2026-03-07T08:42:10.852Z,52.9196,158.6892,79.511,4.5,mb,69,165,0.107,0.97,us,us7000s2r5,2026-03-07T09:36:25.040Z,"16 km SSE of Petropavlovsk-Kamchatsky, Russia",earthquake,13.8,6.709,0.058,86,reviewed,us,us
2026-03-07T07:36:15.398Z,51.7384,159.3949,35,4.6,mb,86,134,1.366,0.85,us,us7000s2qx,2026-03-07T08:00:51.040Z,"148 km SSE of Vilyuchinsk, Russia",earthquake,10.06,1.887,0.059,86,reviewed,us,us
2026-03-07T05:57:58.682Z,7.16,126.6858,80.549,4.7,mb,78,73,1.102,0.81,us,us7000s2ql,2026-03-07T07:00:21.040Z,"17 km ESE of Manay, Philippines",earthquake,9.3,7.622,0.064,74,reviewed,us,us
2026-03-07T03:41:44.137Z,23.0096,-45.0053,10,4.5,mb,50,122,35.72,0.47,us,us7000s2q5,2026-03-18T01:24:07.040Z,"northern Mid-Atlantic Ridge",earthquake,14.06,1.909,0.078,48,reviewed,us,us
2026-03-07T01:15:10.985Z,-18.3438,167.4358,10,4.5,mb,13,91,2.889,1.09,us,us6000sgy0,2026-03-18T00:53:23.040Z,"114 km SW of Port-Vila, Vanuatu",earthquake,8.88,1.941,0.204,8,reviewed,us,us
2026-03-07T00:44:53.787Z,-15.8524,-172.9305,10,5.1,mb,30,142,2.229,0.76,us,us7000s2pg,2026-03-07T01:54:30.040Z,"93 km E of Hihifo, Tonga",earthquake,9.57,1.855,0.057,101,reviewed,us,us
2026-03-06T22:39:19.658Z,25.2057,125.0602,10,4.9,mww,84,66,1.114,0.88,us,us7000s2nv,2026-03-06T23:17:01.040Z,"50 km NNW of Hirara, Japan",earthquake,6.29,1.874,0.086,13,reviewed,us,us
2026-03-06T22:26:17.944Z,-3.8057,150.1359,10,4.8,mb,21,81,2.059,0.86,us,us7000s2ns,2026-03-07T02:09:03.040Z,"154 km SSW of Kavieng, Papua New Guinea",earthquake,6.52,1.899,0.111,25,reviewed,us,us
2026-03-06T21:44:46.694Z,43.7263,86.4382,10,5.3,mb,63,67,4.24,0.81,us,us7000s2nf,2026-03-06T23:56:21.853Z,"71 km SSE of Shihezi, China",earthquake,8.6,1.858,0.045,164,reviewed,us,us
2026-03-06T21:08:19.511Z,52.3233,176.4403,9.339,5.7,mww,77,39,1.327,0.87,us,us7000s2n6,2026-03-08T14:30:46.040Z,"228 km ESE of Attu Station, Alaska",earthquake,5.44,4.113,0.056,31,reviewed,us,us
2026-03-06T20:51:28.711Z,-9.2498,120.1385,44.17,4.9,mb,39,61,2.37,0.76,us,us7000s2n1,2026-03-07T18:27:48.040Z,"47 km NNW of Waingapu, Indonesia",earthquake,5.81,8.604,0.088,40,reviewed,us,us
2026-03-06T20:31:51.630Z,38.8143,142.3854,49.239,4.8,mww,210,75,2.22,0.6,us,us7000s2mt,2026-03-07T18:13:39.040Z,"64 km ESE of Ōfunato, Japan",earthquake,7.53,5.498,0.093,11,reviewed,us,us
2026-03-06T20:16:41.849Z,-56.0428,-28.7813,239.771,4.5,mb,150,48,4.757,0.59,us,us7000s2ms,2026-03-06T23:17:12.040Z,"South Sandwich Islands region",earthquake,6.64,14.627,0.06,84,reviewed,us,us
2026-03-06T20:15:10.018Z,-7.1082,133.2928,10,4.5,mb,19,129,4.238,1.16,us,us7000s2mp,2026-03-06T22:33:01.040Z,"174 km SSE of Tual, Indonesia",earthquake,9.67,1.926,0.139,15,reviewed,us,us
2026-03-06T17:55:53.065Z,1.6563,128.6057,10,5.3,mb,183,23,5.824,0.69,us,us7000s2m9,2026-03-07T18:24:39.059Z,"66 km E of Tobelo, Indonesia",earthquake,4.1,1.694,0.042,194,reviewed,us,us
2026-03-06T15:27:47.797Z,-3.0251,130.1319,10,5.1,mb,45,77,1.504,0.87,us,us7000s2ip,2026-03-06T15:44:07.040Z,"132 km ENE of Masohi, Indonesia",earthquake,6.72,0.825,0.082,48,reviewed,us,us
2026-03-06T15:17:45.179Z,-29.9667,-177.4844,51.927,5.3,mb,23,224,0.817,1.08,us,us7000s2ih,2026-03-06T15:36:55.040Z,"Kermadec Islands, New Zealand",earthquake,17.12,18.459,0.06,92,reviewed,us,us
2026-03-06T14:27:47.626Z,-11.5475,163.1628,8.682,6.3,mww,51,45,3.793,0.93,us,us7000s2i2,2026-03-07T14:55:34.181Z,"181 km SE of Kirakira, Solomon Islands",earthquake,3.71,5.154,0.047,44,reviewed,us,us
2026-03-06T13:24:46.268Z,-59.3868,-63.0353,10,4.5,mb,20,157,5.428,0.87,us,us7000s2m7,2026-03-07T13:59:37.040Z,"Drake Passage",earthquake,8.95,1.872,0.131,17,reviewed,us,us
2026-03-06T11:52:47.501Z,-15.2195,66.9879,10,5.2,mww,66,69,16.702,0.35,us,us7000s2hh,2026-03-06T12:33:08.040Z,"Mid-Indian Ridge",earthquake,11.9,1.868,0.068,21,reviewed,us,us
2026-03-06T10:38:22.762Z,-22.2632,-178.1532,386.29,4.9,mb,103,110,5.738,0.67,us,us7000s2h9,2026-03-06T11:08:39.040Z,"south of the Fiji Islands",earthquake,9.66,7.083,0.05,125,reviewed,us,us
2026-03-06T10:03:11.854Z,-5.3643,129.8018,222.522,4.6,mb,66,30,0.843,0.77,us,us7000s2h4,2026-03-06T10:43:17.040Z,"244 km SSE of Amahai, Indonesia",earthquake,8.47,5.884,0.075,53,reviewed,us,us
2026-03-06T09:56:15.823Z,19.7401,-74.4084,10,5,mww,71,65,0.464,0.7,us,us7000s2h2,2026-03-06T15:39:33.040Z,"62 km SSW of Maisí, Cuba",earthquake,5.84,1.865,0.062,25,reviewed,us,us
2026-03-06T08:27:08.036Z,-63.6508,-167.2145,10,4.5,mb,10,161,16.352,0.64,us,us6000sgxb,2026-03-19T09:55:33.040Z,"Pacific-Antarctic Ridge",earthquake,8.6,1.967,0.205,7,reviewed,us,us
2026-03-06T05:50:09.773Z,-32.7606,-178.3693,10,4.8,mb,28,88,3.525,0.75,us,us6000sgx0,2026-03-18T07:27:32.040Z,"south of the Kermadec Islands",earthquake,10.2,1.63,0.125,20,reviewed,us,us
2026-03-06T05:35:22.694Z,34.7919,29.0792,26.793,4.7,mww,75,46,1.62,0.93,us,us7000s2gb,2026-03-18T07:16:04.040Z,"164 km SSW of Kaş, Turkey",earthquake,6.4,5.493,0.069,20,reviewed,us,us
2026-03-06T05:21:33.131Z,52.0275,176.3653,10,4.7,mb,60,161,1.329,0.53,us,us7000s2g6,2026-03-18T07:03:12.040Z,"234 km ESE of Attu Station, Alaska",earthquake,6.61,1.905,0.051,116,reviewed,us,us
2026-03-06T05:00:36.057Z,51.5741,159.8864,10,5.1,mb,90,127,1.638,0.68,us,us7000s2g3,2026-03-18T06:55:18.040Z,"181 km SSE of Vilyuchinsk, Russia",earthquake,8.36,1.872,0.056,103,reviewed,us,us
2026-03-06T02:00:12.790Z,-20.8064,-69.0178,104.346,4.8,mb,52,55,0.498,0.87,us,us7000s2fe,2026-03-17T23:50:54.259Z,"84 km SE of La Tirana, Chile",earthquake,4.28,4.142,0.045,149,reviewed,us,us
2026-03-06T01:40:24.501Z,-4.6128,-76.8109,114.512,4.6,mb,40,130,3.242,0.64,us,us7000s2fd,2026-03-17T23:47:56.040Z,"28 km NNW of Barranca, Peru",earthquake,5.47,7.579,0.061,79,reviewed,us,us
2026-03-05T23:25:23.405Z,9.1707,126.0387,108.144,4.5,mb,44,112,2.137,0.77,us,us7000s2dy,2026-03-06T04:21:33.040Z,"6 km SSE of Carmen, Philippines",earthquake,13.42,7.631,0.084,41,reviewed,us,us
2026-03-05T22:53:48.276Z,25.0497,125.3819,10,4.6,mb,27,157,1.239,1.09,us,us7000s2dp,2026-03-06T03:54:52.040Z,"28 km NNE of Hirara, Japan",earthquake,7.06,1.927,0.141,15,reviewed,us,us
2026-03-05T21:56:32.628Z,-21.9494,-179.6247,618.136,4.8,mb,54,136,4.719,0.67,us,us7000s2db,2026-03-05T22:25:11.040Z,"Fiji region",earthquake,15.43,7.931,0.068,66,reviewed,us,us
2026-03-05T19:25:07.220Z,52.0753,-168.9639,17,5.5,mww,112,111,0.851,1.05,us,us7000s2bn,2026-03-18T19:35:19.278Z,"96 km S of Nikolski, Alaska",earthquake,5.04,1.891,0.04,59,reviewed,us,us
2026-03-05T16:37:41.974Z,25.0454,125.0943,46.204,4.8,mb,30,153,1.025,0.91,us,us7000s29k,2026-03-05T17:16:54.040Z,"34 km NW of Hirara, Japan",earthquake,9.58,10.938,0.074,59,reviewed,us,us
2026-03-05T16:26:58.116Z,-6.0817,151.0073,10,4.9,mb,32,79,2.203,0.66,us,us7000s29i,2026-03-05T16:54:26.040Z,"112 km ESE of Kimbe, Papua New Guinea",earthquake,8.9,1.538,0.077,58,reviewed,us,us
2026-03-05T15:49:15.789Z,23.1026,144.3202,48.262,4.8,mb,38,102,7.942,0.73,us,us7000s287,2026-03-05T16:26:09.040Z,"Volcano Islands, Japan region",earthquake,12.25,7.036,0.055,103,reviewed,us,us
2026-03-05T13:48:45.874Z,21.944,93.8543,54.311,4.6,mb,34,96,1.232,0.87,us,us7000s27v,2026-03-05T14:36:17.040Z,"81 km SSE of Hakha, Burma (Myanmar)",earthquake,12.34,4.363,0.103,28,reviewed,us,us
2026-03-05T12:59:19.440Z,50.8413,-179.9808,10,4.5,mb,87,182,0.703,1.26,us,us7000s27s,2026-03-05T17:35:47.586Z,"259 km WSW of Adak, Alaska",earthquake,6.23,1.923,0.051,114,reviewed,us,us
2026-03-05T11:30:09.010Z,32.038,-93.4147,11.086,4.9,mwr,164,54,0.731,0.76,us,us7000s27e,2026-03-19T11:40:16.095Z,"2026 Red River Parish, Louisiana Earthquake",earthquake,2.5,4.327,0.044,50,reviewed,us,us
2026-03-05T10:54:23.568Z,-4.3596,-105.5328,10,5,mb,47,160,15.663,1.45,us,us7000s279,2026-03-05T11:15:10.040Z,"central East Pacific Rise",earthquake,14.13,1.935,0.044,160,reviewed,us,us
2026-03-05T10:48:21.013Z,25.2035,125.0077,10.156,5.2,mb,74,77,1.08,1.02,us,us7000s278,2026-03-05T11:06:27.040Z,"53 km NW of Hirara, Japan",earthquake,6.39,4.32,0.053,119,reviewed,us,us
2026-03-05T05:21:53.395Z,7.1236,-82.4823,10,5.2,mww,31,157,2.255,0.96,us,us7000s268,2026-03-05T05:33:12.040Z,"109 km SSE of Burica, Panama",earthquake,8.12,1.957,0.073,18,reviewed,us,us
2026-03-05T01:43:30.999Z,-6.7905,125.1486,546.346,4.6,mb,46,41,3.072,0.84,us,us7000s25r,2026-03-05T02:06:53.040Z,"199 km N of Likisá, Timor Leste",earthquake,12.31,9.102,0.086,40,reviewed,us,us
2026-03-05T01:42:27.501Z,-23.8694,-179.8388,533.958,4.8,mb,26,118,7.391,0.79,us,us7000s25p,2026-03-05T02:10:47.040Z,"south of the Fiji Islands",earthquake,14.29,9.775,0.127,19,reviewed,us,us
2026-03-05T01:08:19.968Z,-29.651,-71.6266,40.547,4.8,mwr,38,95,0.43,0.72,us,us7000s259,2026-03-05T15:45:04.227Z,"43 km NW of Coquimbo, Chile",earthquake,4.86,7.462,0.05,38,reviewed,us,us
2026-03-05T00:15:42.437Z,43.6823,86.4613,10,5,mb,57,89,4.284,0.86,us,us7000s24t,2026-03-05T00:31:17.040Z,"76 km SSE of Shihezi, China",earthquake,9.4,1.889,0.056,101,reviewed,us,us
2026-03-04T19:39:53.983Z,52.1259,176.9837,5.845,4.5,mb,111,155,0.958,1.1,us,us7000s22b,2026-03-17T21:45:10.040Z,"270 km ESE of Attu Station, Alaska",earthquake,8.16,4.394,0.053,105,reviewed,us,us
2026-03-04T19:04:44.999Z,51.9092,176.1957,10,4.8,mb,86,189,1.434,0.67,us,us7000s226,2026-03-17T21:37:41.040Z,"229 km ESE of Attu Station, Alaska",earthquake,7.6,1.94,0.057,96,reviewed,us,us
2026-03-04T18:56:24.089Z,12.5827,-88.3235,46.548,5.3,mb,212,56,0.881,1.01,us,us7000s21s,2026-03-17T21:26:34.470Z,"73 km SSW of Chirilagua, El Salvador",earthquake,5.92,5.566,0.022,672,reviewed,us,us
2026-03-04T18:08:05.815Z,-3.1921,130.979,10,4.9,mb,54,46,1.297,0.71,us,us7000s215,2026-03-17T19:54:08.040Z,"149 km WSW of Fakfak, Indonesia",earthquake,6.68,1.848,0.081,48,reviewed,us,us
2026-03-04T17:55:14.712Z,14.5782,-92.5356,59.022,4.5,mb,78,165,1.737,0.64,us,usa000sf40,2026-03-17T19:40:29.040Z,"20 km SW of Puerto Madero, Mexico",earthquake,13.83,9.229,0.049,121,reviewed,us,us
2026-03-04T17:54:36.658Z,52.3107,176.3577,10,6.4,mww,156,37,1.373,0.75,us,us7000s211,2026-03-18T18:04:44.859Z,"223 km ESE of Attu Station, Alaska",earthquake,5.57,1.73,0.03,104,reviewed,us,us
2026-03-04T14:46:07.478Z,-3.2854,130.8949,16.514,4.6,mb,64,39,1.4,0.64,us,us7000s1zd,2026-03-04T16:23:43.040Z,"160 km WSW of Fakfak, Indonesia",earthquake,6.49,4.304,0.072,59,reviewed,us,us
2026-03-04T13:26:59.753Z,52.2374,176.3148,10,5.4,mww,57,126,1.383,0.92,us,us7000s1z1,2026-03-05T13:48:11.846Z,"222 km ESE of Attu Station, Alaska",earthquake,6.18,1.876,0.052,36,reviewed,us,us
2026-03-04T12:32:09.081Z,-30.8051,-71.5141,42.826,4.5,mb,49,130,0.167,0.9,us,us7000s1yw,2026-03-19T08:32:37.040Z,"37 km SW of Ovalle, Chile",earthquake,5.93,6.286,0.104,27,reviewed,us,us
2026-03-04T10:49:38.970Z,50.1105,155.8661,89.471,4.7,mb,155,134,3.212,0.52,us,us7000s1yk,2026-03-19T07:59:44.040Z,"65 km SSW of Severo-Kuril’sk, Russia",earthquake,12.01,7.167,0.045,151,reviewed,us,us
2026-03-04T10:17:34.117Z,15.1895,145.8315,119.234,4.5,mb,65,72,0.059,0.59,us,us7000s1yf,2026-03-19T07:39:09.040Z,"8 km ESE of Saipan, Northern Mariana Islands",earthquake,9.56,4.276,0.077,49,reviewed,us,us
2026-03-04T10:08:26.615Z,-23.6793,-179.8377,522.528,4.5,mb,36,114,6.226,0.97,us,us7000s1yd,2026-03-19T07:36:41.040Z,"south of the Fiji Islands",earthquake,13.82,10.451,0.099,30,reviewed,us,us
2026-03-04T09:31:22.600Z,-7.4023,128.8582,135.465,4.7,mb,72,37,3.044,0.52,us,us7000s1yb,2026-03-18T09:05:03.040Z,"239 km ENE of Lospalos, Timor Leste",earthquake,8.17,7.344,0.072,59,reviewed,us,us
2026-03-04T06:44:25.033Z,-3.2467,130.9963,10,4.9,mb,53,56,1.292,1.07,us,us7000s1xq,2026-03-04T07:22:30.040Z,"149 km WSW of Fakfak, Indonesia",earthquake,6.79,1.881,0.08,49,reviewed,us,us
2026-03-04T06:05:15.240Z,37.8259,15.4313,10,4.5,mb,58,213,2.185,0.77,us,us7000s1xj,2026-03-05T02:12:19.773Z,"12 km ESE of Letojanni, Italy",earthquake,5.91,1.974,0.121,20,reviewed,us,us
2026-03-04T04:19:52.911Z,-6.6395,129.457,169.735,4.5,mb,25,55,2.15,0.77,us,us7000s1xt,2026-03-04T22:44:29.040Z,"Banda Sea",earthquake,9.47,7.874,0.124,19,reviewed,us,us
2026-03-04T04:14:24.786Z,-3.9482,-81.0108,35,4.5,mb,18,179,1.022,1.22,us,us7000s1wl,2026-03-04T04:29:45.040Z,"18 km NNE of Máncora, Peru",earthquake,10.03,1.995,0.172,11,reviewed,us,us
2026-03-04T04:14:06.494Z,20.1367,146.057,35,4.7,mb,58,128,4.876,1.06,us,us7000s1ws,2026-03-04T04:41:26.040Z,"Mariana Islands region",earthquake,5.09,1.904,0.051,117,reviewed,us,us
2026-03-04T00:48:42.061Z,39.7309,143.379,35,4.7,mb,51,175,2.063,0.57,us,us7000s1vd,2026-03-05T02:33:47.040Z,"123 km E of Miyako, Japan",earthquake,5.84,1.944,0.059,86,reviewed,us,us
2026-03-03T21:30:25.946Z,-32.1115,-72.2327,10,4.6,mb,34,139,1.07,0.43,us,us7000s1tv,2026-03-16T21:12:23.040Z,"101 km WNW of La Ligua, Chile",earthquake,4.71,1.289,0.141,15,reviewed,us,us
2026-03-03T20:43:43.331Z,-3.1534,131.12,10,4.6,mb,42,58,1.151,0.83,us,us7000s1th,2026-03-17T17:45:21.040Z,"133 km W of Fakfak, Indonesia",earthquake,8.25,1.857,0.093,34,reviewed,us,us
2026-03-03T18:01:37.004Z,-16.5519,-14.2891,10,5.1,mb,32,89,8.226,0.94,us,us6000sgm6,2026-03-17T14:25:23.040Z,"southern Mid-Atlantic Ridge",earthquake,9.16,1.88,0.106,29,reviewed,us,us
2026-03-03T17:59:35.577Z,-16.4704,-14.1359,10,4.8,mb,37,85,8.076,0.62,us,us6000sgab,2026-03-17T14:07:24.040Z,"southern Mid-Atlantic Ridge",earthquake,12.19,1.893,0.095,34,reviewed,us,us
2026-03-03T15:34:30.063Z,23.1513,120.508,10,4.5,mb,23,85,0.186,0.73,us,us7000s1q1,2026-03-03T17:56:24.040Z,"5 km ENE of Yujing, Taiwan",earthquake,3.15,1.88,0.163,11,reviewed,us,us
2026-03-03T14:55:55.947Z,23.0283,144.3376,10,4.9,mb,181,53,7.867,0.6,us,us7000s1py,2026-03-04T17:55:52.040Z,"Volcano Islands, Japan region",earthquake,6.72,1.704,0.034,285,reviewed,us,us
2026-03-03T14:38:23.697Z,18.87,145.6534,203.399,5,mww,202,15,3.611,0.75,us,us7000s1pp,2026-03-19T14:48:27.201Z,"Pagan region, Northern Mariana Islands",earthquake,9.62,4.866,0.11,8,reviewed,us,us
2026-03-03T13:05:38.239Z,43.5378,39.47,13.368,4.5,mwr,189,28,1.98,0.89,us,us7000s1pf,2026-03-03T16:06:41.040Z,"21 km SW of Dagomys, Russia",earthquake,5.41,4.036,0.093,11,reviewed,us,us
2026-03-03T12:09:46.509Z,43.4662,39.4636,10,4.5,mb,72,42,1.968,0.67,us,us7000s1p8,2026-03-03T22:31:33.492Z,"25 km SW of Sochi, Russia",earthquake,5.76,1.842,0.084,43,reviewed,us,us
2026-03-03T11:55:07.947Z,-48.9985,166.5685,10,5.3,mww,40,96,2.369,0.53,us,us7000s1p5,2026-03-03T12:10:30.040Z,"297 km SSW of Bluff, New Zealand",earthquake,9.25,1.917,0.068,21,reviewed,us,us
2026-03-03T11:52:49.019Z,23.218,120.4208,10,4.8,mb,60,46,0.209,0.41,us,us7000s1p4,2026-03-05T02:21:38.356Z,"11 km NNW of Yujing, Taiwan",earthquake,5.2,1.881,0.073,58,reviewed,us,us
2026-03-03T10:44:23.505Z,52.2167,176.4919,10,5.2,mb,91,70,1.309,0.7,us,us7000s1nu,2026-03-03T20:44:44.458Z,"235 km ESE of Attu Station, Alaska",earthquake,3.71,1.799,0.025,527,reviewed,us,us
2026-03-03T04:56:46.093Z,2.042,96.7387,18,6.2,mww,236,32,1.112,0.79,us,us7000s1ln,2026-03-05T02:02:47.917Z,"62 km SE of Sinabang, Indonesia",earthquake,7.93,1.686,0.062,25,reviewed,us,us
2026-03-03T02:16:44.453Z,51.0326,158.4253,41.402,5.1,mb,78,132,1.999,0.92,us,us7000s1lc,2026-03-03T02:30:01.040Z,"143 km ESE of Ozernovskiy, Russia",earthquake,9.13,6.806,0.043,178,reviewed,us,us
2026-03-03T00:11:43.408Z,25.2746,124.9008,10,5,mww,79,91,1.077,0.5,us,us7000s1k2,2026-03-16T20:33:28.040Z,"66 km NW of Hirara, Japan",earthquake,5.97,1.776,0.066,22,reviewed,us,us
2026-03-02T23:46:49.663Z,52.3034,176.3996,10,5.3,mww,101,46,1.346,0.58,us,us7000s1jn,2026-03-15T23:36:27.040Z,"226 km ESE of Attu Station, Alaska",earthquake,5.77,1.75,0.06,27,reviewed,us,us
2026-03-02T20:57:43.015Z,25.3403,124.9109,10,4.5,mb,47,83,1.137,0.84,us,us6000sg3s,2026-03-14T16:45:58.040Z,"71 km NNW of Hirara, Japan",earthquake,7.29,1.906,0.093,34,reviewed,us,us
2026-03-02T19:23:10.220Z,-30.6727,-178.7249,141.228,4.9,mb,24,142,1.582,1,us,us7000s1hn,2026-03-14T19:13:15.040Z,"Kermadec Islands, New Zealand",earthquake,11.33,5.718,0.106,28,reviewed,us,us
2026-03-02T18:06:01.007Z,22.8842,143.9445,35,4.6,mb,52,134,7.8,0.9,us,us7000s1h0,2026-03-14T19:06:36.040Z,"Volcano Islands, Japan region",earthquake,2.62,1.935,0.087,39,reviewed,us,us
2026-03-02T17:40:14.559Z,-7.541,127.6711,139.681,5,mww,64,60,3.732,0.78,us,us7000s1gx,2026-03-14T19:01:50.040Z,"131 km NE of Lospalos, Timor Leste",earthquake,8.65,6.852,0.083,14,reviewed,us,us
2026-03-02T17:20:52.772Z,25.2734,125.0352,10,4.9,mww,96,52,1.15,0.76,us,us7000s1gu,2026-03-14T18:53:42.040Z,"58 km NNW of Hirara, Japan",earthquake,6.41,1.848,0.056,31,reviewed,us,us
2026-03-02T15:59:51.151Z,25.3046,124.9893,10,4.5,mwr,64,80,1.148,0.66,us,us7000s1ft,2026-03-16T17:29:56.040Z,"63 km NNW of Hirara, Japan",earthquake,7.07,1.878,0.089,12,reviewed,us,us
2026-03-02T14:59:06.029Z,39.9088,-29.8364,10,4.6,mb,44,119,1.012,1.06,us,us7000s1fm,2026-03-16T16:40:26.040Z,"121 km ENE of Santa Cruz das Flores, Portugal",earthquake,12.75,1.92,0.087,39,reviewed,us,us
2026-03-02T11:41:26.103Z,25.1993,125.1358,10,4.9,mb,62,71,1.156,0.72,us,us7000s1ev,2026-03-02T12:47:19.040Z,"46 km NNW of Hirara, Japan",earthquake,6.9,1.895,0.062,83,reviewed,us,us
2026-03-02T10:39:23.321Z,25.2561,124.8849,10,5.6,mww,79,29,1.054,1.07,us,us7000s1en,2026-03-03T11:04:21.799Z,"65 km NW of Hirara, Japan",earthquake,6.26,1.835,0.047,43,reviewed,us,us
2026-03-02T10:13:24.719Z,10.8137,122.5032,10,4.9,mb,48,114,4.803,0.92,us,us7000s1ek,2026-03-10T14:40:42.020Z,"0 km SE of Cadagmayan Norte, Philippines",earthquake,6.66,1.776,0.076,64,reviewed,us,us
2026-03-02T08:15:13.528Z,51.4957,159.4851,33.867,4.6,mb,108,134,1.614,0.68,us,us7000s1dz,2026-03-02T10:14:51.040Z,"175 km SSE of Vilyuchinsk, Russia",earthquake,10.66,5.648,0.054,104,reviewed,us,us
2026-03-02T04:56:26.781Z,25.2462,124.9703,10,5,mww,59,92,1.092,0.77,us,us7000s1df,2026-03-02T14:08:03.040Z,"59 km NW of Hirara, Japan",earthquake,5.09,1.864,0.075,17,reviewed,us,us
2026-03-02T04:35:53.356Z,51.8743,159.7552,35,4.8,mb,74,164,1.335,0.63,us,us7000s1db,2026-03-02T04:58:32.040Z,"149 km SE of Vilyuchinsk, Russia",earthquake,10.3,1.944,0.067,69,reviewed,us,us
2026-03-02T04:07:46.990Z,22.9631,144.2111,10,4.9,mb,65,112,7.825,0.77,us,us7000s1d3,2026-03-02T04:37:51.040Z,"Volcano Islands, Japan region",earthquake,11.74,1.871,0.048,137,reviewed,us,us
2026-03-02T03:55:23.712Z,23.0026,144.1632,20,6,mww,128,26,7.872,0.79,us,us7000s1cq,2026-03-05T01:56:15.514Z,"Volcano Islands, Japan region",earthquake,9.27,1.759,0.036,74,reviewed,us,us
2026-03-02T03:15:59.119Z,4.2822,-32.559,10,5.1,mb,73,73,10.582,0.86,us,us7000s1cn,2026-03-05T01:56:46.912Z,"central Mid-Atlantic Ridge",earthquake,9.97,1.861,0.047,147,reviewed,us,us
2026-03-02T00:14:08.806Z,4.436,-32.7097,10,4.7,mb,18,67,10.681,0.49,us,us6000sg2u,2026-03-15T23:06:50.040Z,"central Mid-Atlantic Ridge",earthquake,9.59,1.694,0.158,12,reviewed,us,us
2026-03-01T23:23:31.850Z,-49.1762,124.6388,10,4.5,mb,16,152,19.016,0.73,us,us6000sg2k,2026-03-15T22:39:41.040Z,"western Indian-Antarctic Ridge",earthquake,9.58,1.9,0.14,15,reviewed,us,us
2026-03-01T22:07:42.243Z,-31.1135,-70.2042,127.345,4.5,mb,40,56,0.498,0.64,us,us7000s1bq,2026-03-15T22:15:54.040Z,"78 km WNW of Calingasta, Argentina",earthquake,3.08,5.709,0.156,12,reviewed,us,us
2026-03-01T21:58:38.140Z,-10.8366,164.8713,10,4.8,mb,47,62,5.114,0.72,us,us7000s1bp,2026-03-15T22:11:29.420Z,"102 km W of Lata, Solomon Islands",earthquake,10.67,1.828,0.064,78,reviewed,us,us
2026-03-01T20:12:15.785Z,-18.7348,168.3796,36.36,4.5,mb,29,132,3.458,0.4,us,us6000sg2n,2026-03-14T15:25:49.040Z,"110 km S of Port-Vila, Vanuatu",earthquake,9.28,8.103,0.118,22,reviewed,us,us
2026-03-01T20:03:54.403Z,-22.0798,-68.8069,107.244,5.1,mww,79,43,0.492,1.05,us,us7000s1ak,2026-03-14T18:05:41.185Z,"43 km NNE of Calama, Chile",earthquake,4.45,4.622,0.071,19,reviewed,us,us
2026-03-01T19:42:22.188Z,51.9155,159.8792,44.018,4.7,mb,56,135,1.34,0.77,us,us7000s1ah,2026-03-14T17:52:13.040Z,"151 km SE of Vilyuchinsk, Russia",earthquake,10.98,7.419,0.081,46,reviewed,us,us
2026-03-01T19:41:28.326Z,-56.0186,-28.0046,121.52,4.9,mb,53,67,5.166,0.55,us,us7000s1af,2026-03-14T17:44:09.040Z,"South Sandwich Islands region",earthquake,11.11,7.02,0.064,77,reviewed,us,us
2026-03-01T19:38:38.637Z,51.8317,159.856,28.432,5,mb,96,135,1.404,0.6,us,us7000s1ad,2026-03-14T17:39:14.040Z,"157 km SE of Vilyuchinsk, Russia",earthquake,10.3,5.662,0.045,159,reviewed,us,us
2026-03-01T18:38:48.537Z,40.4463,142.8877,42.921,4.6,mb,64,143,1.429,0.72,us,us7000s19z,2026-03-14T17:22:06.040Z,"98 km ENE of Noda, Japan",earthquake,6.08,5.789,0.074,54,reviewed,us,us
2026-03-01T18:36:38.200Z,0.1142,-16.9321,10,5.3,mww,92,48,13.695,0.89,us,us7000s19x,2026-03-14T17:16:53.040Z,"north of Ascension Island",earthquake,10.65,1.87,0.093,11,reviewed,us,us
2026-03-01T18:33:23.740Z,2.7568,128.2361,143.254,4.8,mb,79,106,5.036,0.94,us,us7000s19v,2026-03-14T17:08:12.040Z,"116 km NNE of Tobelo, Indonesia",earthquake,10.24,7.239,0.055,101,reviewed,us,us
2026-03-01T16:41:17.592Z,31.9809,-42.0572,10,5.1,mb,76,65,17.573,0.83,us,us7000s19b,2026-03-01T16:59:41.040Z,"northern Mid-Atlantic Ridge",earthquake,10.79,1.857,0.036,248,reviewed,us,us
2026-03-01T10:12:50.040Z,7.6463,-72.7735,184.662,4.9,mww,70,51,2.449,0.89,us,us7000s17z,2026-03-01T11:21:35.257Z,"2 km E of Arboledas, Colombia",earthquake,8.62,6.152,0.071,19,reviewed,us,us
2026-03-01T09:00:08.119Z,31.1153,130.4767,127.494,5.5,mww,81,84,0.393,0.7,us,us7000s17q,2026-03-02T09:21:00.440Z,"21 km SW of Ibusuki, Japan",earthquake,7.36,4.774,0.057,30,reviewed,us,us
2026-03-01T08:58:55.513Z,-7.3616,129.4406,127.982,4.7,mb,23,84,2.858,0.79,us,us7000s17r,2026-03-15T11:33:06.040Z,"298 km ENE of Lospalos, Timor Leste",earthquake,9.78,9.202,0.133,17,reviewed,us,us
2026-03-01T06:38:41.731Z,-16.7218,-173.0218,24.09,4.9,mb,61,73,3.042,0.92,us,us7000s173,2026-03-15T11:19:57.040Z,"118 km SE of Hihifo, Tonga",earthquake,9.91,5.395,0.068,68,reviewed,us,us
2026-03-01T05:44:41.923Z,-21.8035,-179.4529,579,6.3,mww,106,24,4.671,0.85,us,us7000s16b,2026-03-15T11:20:47.187Z,"Fiji region",earthquake,9.68,1.917,0.051,37,reviewed,us,us
2026-03-01T04:54:08.709Z,25.2976,124.942,10,4.6,mb,29,105,1.118,0.63,us,us7000s166,2026-03-13T21:50:12.040Z,"65 km NNW of Hirara, Japan",earthquake,4.82,1.869,0.132,17,reviewed,us,us
2026-03-01T03:52:50.408Z,-8.9817,115.5235,100.607,4.5,mb,46,63,1.448,0.83,us,us7000s15z,2026-03-13T21:46:14.708Z,"37 km ESE of Nusa Dua, Indonesia",earthquake,7.26,5.584,0.094,37,reviewed,us,us
2026-03-01T03:41:55.674Z,-55.469,-27.5491,35,4.9,mb,35,93,5.297,0.85,us,us7000s15y,2026-03-13T21:42:49.040Z,"South Sandwich Islands region",earthquake,14.17,1.923,0.103,30,reviewed,us,us
2026-03-01T01:37:06.076Z,-32.6408,-71.678,37.873,4.6,mb,53,140,0.766,0.72,us,us7000s15h,2026-03-13T21:05:40.335Z,"44 km N of Valparaíso, Chile",earthquake,3.25,7.336,0.101,29,reviewed,us,us
2026-03-01T00:25:45.070Z,-9.8644,119.9565,70.706,4.5,mb,44,92,2.385,0.49,us,us7000s15a,2026-03-01T01:49:45.040Z,"40 km SW of Waingapu, Indonesia",earthquake,4.84,7.92,0.088,38,reviewed,us,us
2026-03-01T00:15:07.577Z,51.6881,157.9784,76.698,4.5,mb,55,162,1.399,0.54,us,us7000s159,2026-03-01T00:31:37.040Z,"104 km E of Ozernovskiy, Russia",earthquake,10.05,7.893,0.05,116,reviewed,us,us
2026-02-28T21:41:56.416Z,25.1573,124.9689,10,4.8,mww,58,93,1.023,0.89,us,us7000s14c,2026-02-28T23:35:00.040Z,"51 km NW of Hirara, Japan",earthquake,3.42,1.857,0.083,14,reviewed,us,us
2026-02-28T21:39:28.837Z,25.1485,125.0196,10,4.9,mb,58,60,1.047,0.98,us,us7000s148,2026-02-28T23:01:58.040Z,"47 km NW of Hirara, Japan",earthquake,6.09,1.856,0.06,92,reviewed,us,us
2026-02-28T17:22:19.696Z,5.018,125.9457,76.41,5.3,mww,252,22,2.07,0.69,us,us7000s135,2026-03-01T17:45:08.532Z,"68 km SE of Sarangani, Philippines",earthquake,7.73,4.242,0.063,24,reviewed,us,us
2026-02-28T17:11:55.842Z,9.4537,-81.8317,10,5,mww,131,49,1.408,0.74,us,us7000s132,2026-03-06T14:06:54.441Z,"30 km NNE of Kusapín, Panama",earthquake,6.55,1.866,0.053,34,reviewed,us,us
2026-02-28T15:06:16.132Z,18.7822,145.576,255.39,4.5,mb,34,98,3.528,0.89,us,us7000s12k,2026-02-28T15:27:10.040Z,"Pagan region, Northern Mariana Islands",earthquake,12.26,8.575,0.089,37,reviewed,us,us
2026-02-28T14:04:29.659Z,-5.5022,150.1224,148.174,4.5,mb,39,81,2.415,0.67,us,us7000s12j,2026-02-28T16:43:43.040Z,"5 km NNW of Kimbe, Papua New Guinea",earthquake,9.31,7.866,0.09,36,reviewed,us,us
2026-02-28T12:56:59.269Z,25.3149,124.962,10,5.1,mww,70,57,1.142,0.82,us,us7000s122,2026-03-13T08:49:59.040Z,"66 km NNW of Hirara, Japan",earthquake,3.86,1.855,0.048,41,reviewed,us,us
2026-02-28T11:18:50.711Z,25.0874,125.1664,10,4.6,mb,41,81,1.102,0.89,us,us7000s11m,2026-03-13T08:11:52.040Z,"34 km NNW of Hirara, Japan",earthquake,6.7,1.895,0.107,26,reviewed,us,us
2026-02-28T10:40:53.926Z,14.0059,-93.0225,10,4.5,mb,43,208,1.343,1.08,us,us7000s11g,2026-03-13T07:41:54.040Z,"102 km SW of Puerto Madero, Mexico",earthquake,7.5,1.961,0.047,134,reviewed,us,us
2026-02-28T10:21:23.746Z,13.4252,-90.0817,66.08,4.6,mb,65,116,0.557,0.65,us,us7000s11c,2026-02-28T11:17:46.040Z,"33 km SW of Acajutla, El Salvador",earthquake,7.84,6.678,0.032,283,reviewed,us,us
2026-02-28T08:42:19.419Z,28.4031,142.0768,32.665,4.5,mb,26,152,8.746,0.45,us,us6000sfw3,2026-03-18T08:48:47.040Z,"Bonin Islands, Japan region",earthquake,15.16,6.934,0.128,18,reviewed,us,us
2026-02-28T07:20:05.628Z,-14.3072,66.2267,10,4.5,mb,18,131,14.274,0.46,us,us6000sfw1,2026-03-18T08:32:49.040Z,"Mid-Indian Ridge",earthquake,11.56,1.881,0.15,13,reviewed,us,us
2026-02-28T06:52:14.334Z,1.0444,120.9122,67.538,5.1,mb,111,79,6.129,0.79,us,us7000s10h,2026-03-18T08:22:10.040Z,"245 km NNE of Palu, Indonesia",earthquake,9.05,6.64,0.055,105,reviewed,us,us
2026-02-28T06:23:27.314Z,-5.463,151.8942,52.402,5.4,mww,137,37,1.292,0.76,us,us7000s106,2026-03-18T08:22:44.379Z,"130 km SSW of Kokopo, Papua New Guinea",earthquake,7.25,5.632,0.068,21,reviewed,us,us
2026-02-28T05:53:53.977Z,25.2126,125.0479,10,5.3,mww,150,60,1.111,0.56,us,us7000s103,2026-03-18T08:09:34.040Z,"52 km NNW of Hirara, Japan",earthquake,6.42,1.831,0.047,44,reviewed,us,us
2026-02-28T05:35:22.726Z,-17.9755,-178.4316,571.306,4.8,mb,103,80,2.575,0.64,us,us7000s0zy,2026-03-18T08:03:12.040Z,"238 km E of Levuka, Fiji",earthquake,13.01,8.317,0.058,95,reviewed,us,us
2026-02-28T03:14:10.615Z,33.635,91.1876,10,4.5,mb,27,127,3.92,0.48,us,us6000sfvu,2026-03-13T02:26:55.040Z,"252 km NNW of Nagqu, China",earthquake,12.71,1.892,0.124,19,reviewed,us,us
2026-02-28T01:49:20.129Z,25.2429,124.9932,10,5.1,mww,81,82,1.102,0.97,us,us7000s0z7,2026-03-13T01:58:14.040Z,"57 km NNW of Hirara, Japan",earthquake,6.51,1.824,0.052,35,reviewed,us,us
2026-02-27T18:31:19.564Z,-60.3002,-61.3738,17.556,5.3,mb,150,46,4.658,0.72,us,us7000s0v7,2026-03-03T18:40:58.040Z,"Drake Passage",earthquake,7.92,3.029,0.053,121,reviewed,us,us
2026-02-27T16:23:51.092Z,8.9631,126.2761,76.732,4.6,mb,98,109,2.004,0.82,us,us7000s0se,2026-02-27T17:05:54.040Z,"2 km SSE of La Paz, Philippines",earthquake,9.34,5.9,0.056,97,reviewed,us,us
2026-02-27T16:17:08.740Z,-27.5802,64.3495,10,4.9,mb,75,45,7.84,0.54,us,us7000s0sh,2026-02-27T16:53:04.040Z,"Southwest Indian Ridge",earthquake,10.6,1.865,0.069,66,reviewed,us,us
2026-02-27T15:45:28.849Z,-11.8024,166.747,159.824,4.8,mb,33,100,3.65,0.93,us,us7000s0s8,2026-02-27T16:04:01.040Z,"157 km SE of Lata, Solomon Islands",earthquake,13.27,8.673,0.098,32,reviewed,us,us
2026-02-27T14:48:19.610Z,25.2763,124.9759,10,5,mww,66,86,1.119,0.86,us,us7000s0qv,2026-02-27T15:34:57.040Z,"61 km NNW of Hirara, Japan",earthquake,3.6,1.8,0.053,34,reviewed,us,us
2026-02-27T11:52:47.571Z,40.7784,48.6015,10,4.8,mww,65,54,1.516,0.91,us,us7000s0q7,2026-02-27T12:38:58.040Z,"16 km NNW of Shamakhi, Azerbaijan",earthquake,6.64,1.865,0.093,11,reviewed,us,us
2026-02-27T11:01:04.527Z,25.2064,125.1495,10,4.7,mb,31,94,1.17,1.17,us,us7000s0q0,2026-02-27T11:50:30.040Z,"47 km NNW of Hirara, Japan",earthquake,5.91,1.906,0.099,31,reviewed,us,us
2026-02-27T08:03:21.605Z,-53.6432,-51.5636,10,4.5,mb,21,113,4.421,0.92,us,us6000sfuw,2026-03-13T07:07:50.040Z,"South Atlantic Ocean",earthquake,5.87,1.939,0.124,19,reviewed,us,us
2026-02-27T07:52:25.050Z,22.5236,89.1853,10,5,mww,83,72,5.482,0.64,us,us7000s0pc,2026-03-13T07:03:50.337Z,"23 km SSE of Sātkhira, Bangladesh",earthquake,8.97,1.854,0.093,11,reviewed,us,us
2026-02-27T06:43:25.997Z,25.2043,124.9881,10,4.7,mb,51,71,1.069,0.86,us,us7000s0p2,2026-03-13T06:38:01.040Z,"54 km NW of Hirara, Japan",earthquake,6.58,1.864,0.077,52,reviewed,us,us
2026-02-27T06:27:35.620Z,-21.0299,-70.0138,51.932,4.6,mb,25,131,0.309,1.03,us,us7000s0nv,2026-03-13T06:16:36.877Z,"83 km S of La Tirana, Chile",earthquake,3.71,4.987,0.087,39,reviewed,us,us
2026-02-27T06:11:46.941Z,25.2055,125.004,10,4.8,mww,62,93,1.08,0.83,us,us7000s0nu,2026-03-13T06:09:56.040Z,"53 km NW of Hirara, Japan",earthquake,6.2,1.59,0.08,15,reviewed,us,us
2026-02-27T05:45:09.785Z,-5.683,133.7283,10,4.7,mb,20,91,3.117,0.56,us,us7000s0nq,2026-03-13T05:50:39.040Z,"108 km E of Tual, Indonesia",earthquake,8.97,1.898,0.134,17,reviewed,us,us
2026-02-27T05:17:52.119Z,51.5045,-174.8703,34.108,5,mb,88,181,0.813,0.87,us,us7000s0nl,2026-03-18T05:27:54.771Z,"89 km SSW of Atka, Alaska",earthquake,5.17,6.185,0.034,272,reviewed,us,us
2026-02-27T03:57:32.845Z,13.4655,145.0068,69.673,4.5,mb,43,79,8.994,0.94,us,us6000sfup,2026-03-13T01:09:58.040Z,"14 km ESE of Yigo Village, Guam",earthquake,12.95,7.806,0.087,47,reviewed,us,us
2026-02-27T03:51:37.978Z,34.4068,45.5634,10,4.6,mb,52,105,0.72,0.87,us,us7000s0ng,2026-03-13T00:40:51.040Z,"28 km WSW of Sarpol-e Z̄ahāb, Iran",earthquake,6.12,1.854,0.074,54,reviewed,us,us
2026-02-27T02:54:52.374Z,25.2601,125.0247,10,5.2,mb,67,87,1.133,0.83,us,us7000s0n7,2026-03-13T00:09:53.040Z,"57 km NNW of Hirara, Japan",earthquake,6.44,1.832,0.051,128,reviewed,us,us
2026-02-26T23:21:09.895Z,-12.2452,-76.7447,65.338,4.9,mb,72,141,0.273,1.04,us,us7000s0m0,2026-03-16T04:56:18.922Z,"15 km NNE of San Bartolo, Peru",earthquake,8.52,3.55,0.058,93,reviewed,us,us
2026-02-26T23:06:30.868Z,25.2221,125.0186,10,4.5,mww,56,107,1.101,0.94,us,us7000s0lv,2026-03-16T04:42:56.040Z,"54 km NNW of Hirara, Japan",earthquake,6.17,1.893,0.098,10,reviewed,us,us
2026-02-26T18:57:51.940Z,51.5143,159.2561,35,4.6,mb,50,135,1.557,0.98,us,us7000s0k1,2026-03-13T18:23:45.040Z,"168 km SSE of Vilyuchinsk, Russia",earthquake,9.68,1.927,0.087,39,reviewed,us,us
2026-02-26T18:56:16.790Z,51.6621,160.2371,46.668,4.5,mb,51,138,1.675,0.87,us,us7000s0k0,2026-03-13T18:20:02.040Z,"188 km SE of Vilyuchinsk, Russia",earthquake,11.51,7.377,0.082,44,reviewed,us,us
2026-02-26T18:51:49.937Z,25.1824,125.0052,10,4.8,mb,65,81,1.063,0.71,us,us7000s0jt,2026-03-13T18:15:21.040Z,"51 km NW of Hirara, Japan",earthquake,3.86,1.798,0.076,54,reviewed,us,us
2026-02-26T18:45:41.030Z,-21.0618,-68.7822,118.896,4.6,mb,39,61,0.659,0.72,us,us7000s0js,2026-03-13T18:09:29.040Z,"57 km WNW of Ollagüe, Chile",earthquake,5.28,6.068,0.066,70,reviewed,us,us
2026-02-26T17:21:52.987Z,45.7676,26.7083,115.83,4.5,mb,57,32,0.603,0.78,us,us7000s0im,2026-03-13T18:02:21.734Z,"1 km SSW of Paltin, Romania",earthquake,5.97,5.801,0.094,33,reviewed,us,us
2026-02-26T17:17:09.456Z,38.0587,37.3319,10,4.6,mwr,90,67,0.916,0.62,us,us7000s0ij,2026-03-13T17:29:16.833Z,"12 km E of Ekinözü, Turkey",earthquake,4.19,1.86,0.06,27,reviewed,us,us
2026-02-26T17:04:49.533Z,43.6634,150.5511,10,5,mb,79,135,5.68,0.64,us,us7000s0ig,2026-03-13T17:20:48.040Z,"274 km SE of Kuril’sk, Russia",earthquake,10.47,1.885,0.034,282,reviewed,us,us
2026-02-26T17:00:39.110Z,-57.8229,-24.9867,35,4.5,mb,26,95,7.35,0.89,us,us7000s3p4,2026-03-13T16:50:14.040Z,"South Sandwich Islands region",earthquake,8,1.922,0.11,24,reviewed,us,us
2026-02-26T15:53:58.006Z,25.1751,125.0014,7.13,4.7,mb,71,76,1.055,0.82,us,us7000s0gv,2026-02-27T15:18:10.040Z,"51 km NW of Hirara, Japan",earthquake,6.53,4.335,0.074,55,reviewed,us,us
2026-02-26T15:29:45.520Z,-25.5891,179.6734,501.871,4.7,mb,54,76,4.219,1.12,us,us7000s0gu,2026-02-26T15:47:03.040Z,"south of the Fiji Islands",earthquake,12.03,8.343,0.04,185,reviewed,us,us
2026-02-26T14:20:25.647Z,-19.4958,-172.9091,10,4.7,mb,20,97,2.847,0.84,us,us7000s0gf,2026-02-27T14:59:32.040Z,"146 km SE of Neiafu, Tonga",earthquake,10.18,1.918,0.12,22,reviewed,us,us
2026-02-26T09:07:45.117Z,-21.7882,-68.6364,109.876,4.9,mwr,58,42,0.563,1.13,us,us7000s0ew,2026-02-26T09:23:21.040Z,"73 km SSW of Ollagüe, Chile",earthquake,5.77,5.344,0.061,26,reviewed,us,us
2026-02-26T07:04:24.714Z,50.0473,156.7844,42.526,5.1,mb,271,119,3.118,0.54,us,us7000s0ek,2026-03-18T07:48:31.633Z,"84 km SSE of Severo-Kuril’sk, Russia",earthquake,4.62,6.664,0.027,454,reviewed,us,us
2026-02-26T06:07:30.001Z,51.4423,159.6559,10,4.6,mb,55,127,1.7,1.02,us,us7000s0ed,2026-03-18T07:10:45.040Z,"186 km SSE of Vilyuchinsk, Russia",earthquake,8.79,1.888,0.079,48,reviewed,us,us
2026-02-26T06:04:05.847Z,27.2253,88.1573,10,4.8,mb,62,98,3.596,0.63,us,us7000s0ec,2026-03-18T07:07:47.475Z,"12 km SW of Gyalshing, India",earthquake,10.46,1.872,0.07,63,reviewed,us,us
2026-02-26T05:58:51.499Z,51.4095,159.2745,35,4.9,mb,53,137,1.661,0.56,us,us7000s0ea,2026-03-18T06:53:07.040Z,"179 km SSE of Vilyuchinsk, Russia",earthquake,11.57,1.934,0.081,48,reviewed,us,us
2026-02-26T05:57:45.927Z,51.2679,159.5861,10,4.5,mb,42,123,1.85,0.74,us,us7000s0es,2026-03-18T06:48:48.040Z,"201 km SSE of Vilyuchinsk, Russia",earthquake,6.89,1.81,0.096,32,reviewed,us,us
2026-02-26T05:30:34.728Z,51.4505,159.5262,10,4.5,mb,49,127,1.665,0.54,us,us7000s0e2,2026-03-18T06:41:36.040Z,"181 km SSE of Vilyuchinsk, Russia",earthquake,9.56,1.9,0.083,43,reviewed,us,us
2026-02-26T04:59:03.922Z,51.5562,159.6915,10,5.7,mww,63,156,1.603,1.35,us,us7000s0dq,2026-02-27T05:18:55.589Z,"176 km SSE of Vilyuchinsk, Russia",earthquake,8.26,1.916,0.071,19,reviewed,us,us
2026-02-26T02:49:04.986Z,-20.629,-176.3046,231.867,5.2,mww,29,117,5.82,1.62,us,us7000s0da,2026-02-26T03:09:12.040Z,"120 km WNW of Houma, Tonga",earthquake,9.94,7.686,0.093,11,reviewed,us,us
2026-02-25T22:40:46.361Z,47.3491,157.5147,10,4.9,mww,230,97,5.727,0.77,us,us7000s0bx,2026-03-19T02:31:59.040Z,"east of the Kuril Islands",earthquake,8.92,1.806,0.103,9,reviewed,us,us
2026-02-25T20:04:22.668Z,-5.2638,131.0084,64.303,4.5,mb,68,76,1.324,0.95,us,us7000s0ad,2026-03-11T15:15:48.040Z,"197 km WNW of Tual, Indonesia",earthquake,7.04,5.775,0.082,44,reviewed,us,us
2026-02-25T18:11:56.748Z,0.2825,122.1175,152.911,4.6,mb,105,63,5.767,0.79,us,us7000s09r,2026-03-11T13:56:54.040Z,"108 km WSW of Gorontalo, Indonesia",earthquake,9.65,6.174,0.061,81,reviewed,us,us
2026-02-25T17:49:30.311Z,-0.392,98.9797,61.488,4.9,mb,48,160,2.194,0.87,us,us7000s09j,2026-03-10T21:32:44.040Z,"129 km W of Pariaman, Indonesia",earthquake,6.54,7.77,0.087,41,reviewed,us,us
2026-02-25T17:44:36.349Z,-9.6395,149.8064,10,4.7,mb,44,124,2.621,0.67,us,us7000s09h,2026-03-10T21:20:19.040Z,"103 km NW of Alotau, Papua New Guinea",earthquake,9.06,1.894,0.099,31,reviewed,us,us
2026-02-25T17:17:01.900Z,31.6248,132.054,10,4.9,mww,94,94,1.372,0.74,us,us7000s09b,2026-03-10T21:12:45.040Z,"65 km E of Nichinan, Japan",earthquake,5.96,1.836,0.078,16,reviewed,us,us
2026-02-25T17:12:18.216Z,-18.923,169.412,250.116,4.9,mww,54,79,4.05,0.53,us,us7000s09a,2026-03-10T20:41:28.040Z,"69 km NNE of Isangel, Vanuatu",earthquake,9.69,7.98,0.103,9,reviewed,us,us
2026-02-25T16:51:48.981Z,22.9893,94.7613,125.346,4.9,mww,114,51,1.781,0.8,us,us7000s096,2026-03-14T04:32:56.764Z,"81 km SSE of Mawlaik, Burma (Myanmar)",earthquake,6.2,5.696,0.089,12,reviewed,us,us
2026-02-25T13:19:43.800Z,0.0099,124.4534,69.287,4.5,mb,40,80,6.852,0.68,us,us7000s070,2026-03-19T12:47:05.040Z,"48 km S of Modisi, Indonesia",earthquake,9.91,9.139,0.099,31,reviewed,us,us
2026-02-25T11:14:03.799Z,-5.347,145.8805,81.449,5.4,mww,125,31,3.601,0.82,us,us7000s06i,2026-03-15T06:17:57.342Z,"17 km SE of Madang, Papua New Guinea",earthquake,7.57,5.423,0.057,30,reviewed,us,us
2026-02-25T11:12:07.666Z,37.0237,71.5523,121.27,5.4,mww,170,41,1.485,0.64,us,us7000s06h,2026-03-12T11:44:18.076Z,"33 km N of Ishqoshim, Tajikistan",earthquake,6.76,5.439,0.083,14,reviewed,us,us
2026-02-25T09:48:08.841Z,-10.5861,165.8949,121.261,5,mww,139,58,4.997,0.57,us,us7000s06c,2026-03-15T05:56:00.040Z,"18 km NE of Lata, Solomon Islands",earthquake,9.88,7.063,0.075,17,reviewed,us,us
2026-02-25T09:41:35.742Z,41.472,142.0029,65.674,4.6,mb,69,121,0.983,0.45,us,us7000s069,2026-03-15T05:51:04.040Z,"68 km ENE of Mutsu, Japan",earthquake,6.43,7.504,0.07,60,reviewed,us,us
2026-02-25T09:07:45.997Z,32.0687,132.5883,17.334,5.2,mww,240,49,1.902,0.64,us,us7000s066,2026-03-15T05:49:03.114Z,"96 km S of Sukumo, Japan",earthquake,6.02,3.601,0.068,21,reviewed,us,us
2026-02-25T03:18:53.219Z,4.5945,95.5859,94.84,4.5,mb,52,157,1.495,0.77,us,us7000s3fj,2026-03-13T22:51:22.040Z,"78 km NW of Meulaboh, Indonesia",earthquake,9.78,8.278,0.085,41,reviewed,us,us
2026-02-25T03:15:54.257Z,24.6435,97.4409,10,4.8,mb,64,86,4.138,0.93,us,us7000s053,2026-03-14T04:12:17.040Z,"41 km W of Taiping, China",earthquake,9.26,1.884,0.082,46,reviewed,us,us
2026-02-25T03:06:52.730Z,-3.8131,37.8453,10,4.6,mb,25,76,1.458,0.92,us,us7000s3fg,2026-03-13T22:14:16.040Z,"15 km ESE of Kwakoa, Tanzania",earthquake,9.24,1.903,0.129,18,reviewed,us,us
2026-02-24T23:48:18.698Z,49.5027,159.0028,10,4.6,mb,62,135,3.532,0.51,us,us7000s03s,2026-03-18T00:56:42.040Z,"243 km ESE of Severo-Kuril’sk, Russia",earthquake,8.9,1.887,0.065,70,reviewed,us,us
2026-02-24T20:38:28.956Z,8.4231,-82.8039,10,4.8,mww,103,144,0.941,0.97,us,us7000s021,2026-03-10T20:06:50.380Z,"2 km NW of La Esperanza, Panama",earthquake,6.47,1.164,0.073,18,reviewed,us,us
2026-02-24T19:01:07.940Z,5.7897,123.5882,10,4.5,mb,38,79,2.352,0.45,us,us7000s01p,2026-03-10T17:39:29.040Z,"81 km SW of Palimbang, Philippines",earthquake,7.9,1.512,0.104,27,reviewed,us,us
2026-02-24T18:16:41.527Z,39.5816,141.9738,61.812,4.6,mb,114,115,1.393,0.92,us,us7000s01b,2026-03-10T17:01:36.040Z,"7 km SSE of Miyako, Japan",earthquake,7.5,3.508,0.055,99,reviewed,us,us
2026-02-24T15:51:34.929Z,-31.1229,-179.8069,310.971,5,mb,114,34,2.479,0.96,us,us7000rzzi,2026-02-27T17:12:07.040Z,"Kermadec Islands region",earthquake,9.99,4.934,0.044,166,reviewed,us,us
2026-02-24T09:43:50.848Z,51.386,160.7921,10,4.9,mb,196,110,2.104,0.6,us,us7000rzy3,2026-03-18T15:34:52.040Z,"237 km SE of Vilyuchinsk, Russia",earthquake,8.19,1.863,0.029,365,reviewed,us,us
2026-02-24T07:46:49.141Z,-2.0948,138.8408,14,5.3,mww,129,23,1.907,0.6,us,us7000rzxu,2026-03-17T12:09:10.040Z,"206 km WNW of Abepura, Indonesia",earthquake,7.38,1.741,0.071,19,reviewed,us,us
2026-02-24T07:03:50.634Z,-20.5758,-173.0984,10,4.8,mb,28,116,3.337,0.76,us,us7000rzxq,2026-03-18T12:32:29.040Z,"155 km ESE of Pangai, Tonga",earthquake,7.93,1.763,0.116,23,reviewed,us,us
2026-02-24T05:14:12.303Z,-17.0963,-173.3875,10,4.6,mb,20,68,3.835,0.83,us,us7000s3ed,2026-03-17T13:13:02.040Z,"133 km SSE of Hihifo, Tonga",earthquake,9.56,1.834,0.158,12,reviewed,us,us
2026-02-24T04:37:15.439Z,24.6474,121.9039,72.752,4.7,mww,142,28,0.481,0.85,us,us7000rzx8,2026-03-18T23:23:10.690Z,"19 km SE of Yilan, Taiwan",earthquake,4.64,4.23,0.098,10,reviewed,us,us
2026-02-24T02:48:37.646Z,14.9182,147.299,10,4.7,mb,69,132,1.489,0.79,us,us7000rzwv,2026-03-18T03:25:45.040Z,"169 km ESE of Saipan, Northern Mariana Islands",earthquake,9.45,1.91,0.074,56,reviewed,us,us
2026-02-24T02:43:37.136Z,-47.7362,116.3357,10,4.5,mb,19,161,14.807,0.72,us,us7000s3e9,2026-03-18T03:14:35.040Z,"western Indian-Antarctic Ridge",earthquake,10.48,1.898,0.157,12,reviewed,us,us
2026-02-23T23:03:41.033Z,37.0384,137.0444,259.384,4.8,mww,107,56,1.053,0.52,us,us7000rzvv,2026-03-09T01:51:26.040Z,"7 km E of Nanao, Japan",earthquake,8.16,5.063,0.089,12,reviewed,us,us
2026-02-23T22:34:21.130Z,34.3291,139.4449,139.765,4.5,mb,60,132,2.137,0.5,us,us7000rzvn,2026-03-18T00:38:51.040Z,"59 km SE of Shimoda, Japan",earthquake,9.91,7.519,0.075,53,reviewed,us,us
2026-02-23T19:12:15.067Z,46.8434,153.6,10,4.5,mb,44,138,6.804,0.64,us,us7000rztf,2026-03-13T15:23:34.040Z,"Kuril Islands",earthquake,10.33,1.9,0.097,31,reviewed,us,us
2026-02-23T13:32:06.202Z,-6.0006,151.6349,10,4.8,mb,53,85,1.873,0.55,us,us6000sb1e,2026-03-08T19:49:23.040Z,"173 km ESE of Kimbe, Papua New Guinea",earthquake,7.82,1.876,0.085,42,reviewed,us,us
2026-02-23T11:00:02.695Z,-11.2423,162.684,10,4.6,mb,51,111,3.234,0.66,us,us7000s2lc,2026-03-17T12:48:04.040Z,"120 km SE of Kirakira, Solomon Islands",earthquake,9.77,1.9,0.085,41,reviewed,us,us
2026-02-23T10:02:07.432Z,52.3681,-169.8696,8,5.5,mww,114,74,0.428,1.37,us,us6000sb0h,2026-03-17T12:03:33.752Z,"93 km SW of Nikolski, Alaska",earthquake,4.61,1.753,0.036,76,reviewed,us,us
2026-02-23T09:15:01.777Z,-20.2201,-177.4087,378.358,4.7,mb,85,77,4.818,0.9,us,us6000sb07,2026-03-17T11:37:17.040Z,"243 km WNW of Houma, Tonga",earthquake,7.76,5.555,0.039,199,reviewed,us,us
2026-02-23T05:11:48.359Z,52.3165,-169.8772,14,6,mww,295,78,0.479,0.79,us,us6000sayv,2026-03-19T07:12:56.847Z,"97 km SW of Nikolski, Alaska",earthquake,3.44,1.696,0.026,142,reviewed,us,us
2026-02-23T05:02:10.879Z,11.642,91.7328,10,4.8,mb,69,64,7.702,0.32,us,us6000sayu,2026-03-18T14:26:08.040Z,"107 km W of Bamboo Flat, India",earthquake,8.68,1.867,0.082,46,reviewed,us,us
2026-02-23T04:12:07.698Z,40.8841,84.1769,10,4.9,mb,129,112,3.765,0.49,us,us6000sayi,2026-03-18T01:25:06.040Z,"139 km SE of Kuqa, China",earthquake,9.06,1.876,0.053,113,reviewed,us,us
2026-02-23T03:54:15.375Z,13.2048,-90.946,35,4.5,mb,70,155,1.329,0.85,us,us6000sayc,2026-03-18T00:41:02.040Z,"81 km S of Puerto San José, Guatemala",earthquake,6.83,1.925,0.071,59,reviewed,us,us
2026-02-23T03:17:10.484Z,13.0103,143.3093,203.193,4.7,mb,128,77,3.269,0.54,us,us6000say1,2026-03-17T23:13:18.040Z,"150 km W of Merizo Village, Guam",earthquake,10.56,7.091,0.052,111,reviewed,us,us
2026-02-23T03:12:34.011Z,-16.2069,167.9025,182.433,4.9,mb,47,40,1.012,0.67,us,us6000say0,2026-03-17T22:46:03.040Z,"53 km ESE of Lakatoro, Vanuatu",earthquake,7.42,4.702,0.106,28,reviewed,us,us
2026-02-23T02:59:33.402Z,40.4445,142.7401,52.286,4.6,mb,128,134,1.321,0.69,us,us6000saxx,2026-03-17T05:46:00.040Z,"86 km ENE of Noda, Japan",earthquake,7.28,6.866,0.052,108,reviewed,us,us
2026-02-23T01:58:15.373Z,-23.71,-179.8233,524.393,4.6,mb,112,60,5.768,0.78,us,us6000saxp,2026-03-17T04:08:40.040Z,"south of the Fiji Islands",earthquake,12.57,6.146,0.061,80,reviewed,us,us
2026-02-23T01:42:42.951Z,-47.3842,-11.4866,10,4.6,mb,32,78,17.175,0.61,us,us7000s2l2,2026-03-17T03:23:06.040Z,"southern Mid-Atlantic Ridge",earthquake,8.84,1.785,0.103,28,reviewed,us,us
2026-02-23T00:07:36.952Z,-23.1296,-179.77,551.402,4.8,mb,52,91,5.733,0.58,us,us6000sax9,2026-03-18T00:31:22.040Z,"south of the Fiji Islands",earthquake,11.19,6.713,0.087,41,reviewed,us,us
2026-02-22T22:36:17.514Z,-13.503,-76.7662,40.639,4.8,mwr,91,67,1.508,0.68,us,us6000saww,2026-03-18T00:27:34.097Z,"62 km SW of San Vicente de Cañete, Peru",earthquake,10.72,0.917,0.098,10,reviewed,us,us
2026-02-22T21:47:15.943Z,-19.5184,-173.0547,10,4.5,mb,20,171,2.986,0.37,us,us7000s2ku,2026-03-17T23:44:32.040Z,"135 km ENE of Fangale’ounga, Tonga",earthquake,17.25,1.954,0.121,20,reviewed,us,us
2026-02-22T16:57:46.691Z,6.8201,116.2537,629,7,mww,194,17,5.918,0.67,us,us6000sasz,2026-03-15T15:12:18.797Z,"55 km NNW of Kota Belud, Malaysia",earthquake,9.48,1.926,0.05,39,reviewed,us,us
2026-02-22T15:35:41.328Z,-0.6543,99.3105,49.468,5.1,mb,76,71,2.606,0.73,us,us6000sasp,2026-03-15T14:32:15.040Z,"90 km W of Pariaman, Indonesia",earthquake,9.28,5.542,0.067,76,reviewed,us,us
2026-02-22T15:14:58.638Z,-5.9473,150.1149,106.742,4.5,mb,22,88,2.685,0.96,us,us6000sasm,2026-03-15T14:24:35.040Z,"43 km S of Kimbe, Papua New Guinea",earthquake,8.91,9.021,0.145,17,reviewed,us,us
2026-02-22T14:56:51.492Z,13.4132,-91.1054,49.949,4.6,mb,43,139,1.377,0.97,us,us6000sasi,2026-03-15T14:21:26.646Z,"64 km SSW of Puerto San José, Guatemala",earthquake,5.32,8.74,0.039,194,reviewed,us,us
2026-02-22T14:22:57.385Z,-30.8175,-71.508,50.087,4.9,mb,46,78,0.18,0.98,us,us6000sasd,2026-03-15T14:14:48.214Z,"38 km SW of Ovalle, Chile",earthquake,3.16,5.76,0.073,62,reviewed,us,us
2026-02-22T11:50:45.484Z,27.0875,103.5616,10,4.5,mb,63,99,6.103,0.6,us,us6000sas9,2026-03-17T15:28:43.040Z,"29 km SSW of Zhaotong, China",earthquake,9.46,1.896,0.08,45,reviewed,us,us
2026-02-22T10:40:41.326Z,19.3145,121.1894,23.719,5.1,mb,113,80,3.487,0.81,us,us6000sas0,2026-03-17T15:17:40.040Z,"77 km N of Namuac, Philippines",earthquake,8.28,5.062,0.04,198,reviewed,us,us
2026-02-22T09:36:10.745Z,46.9124,153.5614,29.351,4.6,mb,62,131,6.75,1.09,us,us6000sarr,2026-03-17T15:01:54.040Z,"Kuril Islands",earthquake,10.35,5.76,0.08,46,reviewed,us,us
2026-02-22T09:29:30.178Z,-7.0745,155.7294,102.804,4.9,mb,53,86,4.56,0.73,us,us6000sarp,2026-03-17T14:59:02.040Z,"88 km SSE of Panguna, Papua New Guinea",earthquake,9.75,7.428,0.061,84,reviewed,us,us
2026-02-22T08:45:49.874Z,-22.1557,-176.7961,194.069,5.3,mww,56,71,6.536,0.69,us,us6000sarm,2026-03-12T08:02:52.942Z,"189 km SW of Houma, Tonga",earthquake,10.84,6.686,0.075,17,reviewed,us,us
2026-02-22T07:54:02.472Z,-21.8426,179.4351,642.372,5.3,mb,104,48,4.279,0.57,us,us6000sarg,2026-03-12T07:07:35.040Z,"south of the Fiji Islands",earthquake,11.14,8.029,0.027,467,reviewed,us,us
2026-02-22T07:43:25.409Z,-21.7912,179.6322,636.265,6,mww,107,57,4.291,0.65,us,us6000sarf,2026-03-12T07:05:16.752Z,"south of the Fiji Islands",earthquake,11.4,6.379,0.06,27,reviewed,us,us
2026-02-22T07:25:27.843Z,46.7915,153.7534,12,5.8,mww,102,64,6.815,0.81,us,us6000sare,2026-03-12T06:39:37.636Z,"Kuril Islands",earthquake,9.97,1.827,0.065,23,reviewed,us,us
2026-02-22T06:43:52.602Z,-4.6719,-76.4374,115.085,5,mb,92,31,3.533,0.79,us,us6000sara,2026-03-12T06:08:26.040Z,"31 km NE of Barranca, Peru",earthquake,9.2,5.952,0.026,488,reviewed,us,us
2026-02-22T01:22:53.470Z,-15.424,166.6059,10,5.1,mb,43,47,0.576,1.05,us,us6000saq6,2026-03-07T01:35:17.040Z,"60 km W of Luganville, Vanuatu",earthquake,5.7,2.319,0.056,106,reviewed,us,us
2026-02-21T23:55:05.696Z,-46.2229,166.476,52.318,4.9,mww,42,88,0.153,1.01,us,us6000sapq,2026-03-14T04:05:53.966Z,"119 km W of Riverton, New Zealand",earthquake,2.35,5.757,0.089,12,reviewed,us,us
2026-02-21T20:28:47.857Z,4.1155,128.331,9.652,4.5,mb,37,113,4.014,0.7,us,us6000sanu,2026-03-10T03:51:33.040Z,"266 km N of Tobelo, Indonesia",earthquake,14.31,4.876,0.102,29,reviewed,us,us
2026-02-21T20:10:03.404Z,-40.1544,45.5297,10,4.5,mb,13,103,7.785,0.41,us,us7000s2js,2026-03-10T00:35:33.040Z,"Southwest Indian Ridge",earthquake,15.51,1.942,0.18,10,reviewed,us,us
2026-02-21T18:59:33.680Z,-11.3695,162.4464,10,4.5,mb,22,65,3.118,0.55,us,us7000s2jz,2026-03-19T13:53:09.040Z,"116 km SSE of Kirakira, Solomon Islands",earthquake,9.92,1.504,0.121,20,reviewed,us,us
2026-02-21T18:11:38.223Z,-17.9086,-177.9441,606.703,4.5,mb,46,80,2.935,0.66,us,us6000san7,2026-03-18T21:27:08.040Z,"290 km E of Levuka, Fiji",earthquake,11.51,6.665,0.084,42,reviewed,us,us
2026-02-21T18:01:51.085Z,-11.1461,162.6636,10,4.6,mb,44,59,3.166,0.62,us,us6000san6,2026-03-18T21:21:10.040Z,"111 km SE of Kirakira, Solomon Islands",earthquake,9.12,1.851,0.091,42,reviewed,us,us
2026-02-21T17:01:49.708Z,-63.1604,169.5408,10,5.6,mww,134,31,10.261,1.47,us,us6000samt,2026-03-18T19:07:34.917Z,"Balleny Islands region",earthquake,9.69,1.737,0.069,20,reviewed,us,us
2026-02-21T16:52:25.982Z,-11.6188,162.4463,10,4.5,mb,28,106,3.276,0.7,us,us7000s2jl,2026-03-18T18:43:54.040Z,"141 km SSE of Kirakira, Solomon Islands",earthquake,9.84,1.881,0.127,21,reviewed,us,us
2026-02-21T16:42:07.140Z,-11.2749,162.3522,10,5.9,mww,239,25,2.988,0.62,us,us6000sams,2026-03-18T18:44:39.531Z,"102 km SSE of Kirakira, Solomon Islands",earthquake,4.5,2.903,0.038,66,reviewed,us,us
2026-02-21T14:56:04.015Z,-24.212,-179.702,472.408,4.8,mb,31,117,7.744,0.79,us,us6000same,2026-03-14T20:47:03.040Z,"south of the Fiji Islands",earthquake,15.1,10.704,0.089,39,reviewed,us,us
2026-02-21T12:20:27.157Z,-5.0896,134.0188,10,4.6,mb,21,89,2.787,0.56,us,us6000sam7,2026-03-11T07:21:59.040Z,"152 km ENE of Tual, Indonesia",earthquake,7.99,1.889,0.136,16,reviewed,us,us
2026-02-21T09:41:13.994Z,25.2451,124.9617,10,4.6,mb,59,92,1.086,0.61,us,us6000sals,2026-03-18T05:11:21.040Z,"59 km NW of Hirara, Japan",earthquake,5.79,2.448,0.08,47,reviewed,us,us
2026-02-21T07:47:35.861Z,-35.8022,-71.3134,98.678,4.8,mb,116,93,0.094,0.59,us,us6000sale,2026-03-14T12:36:09.408Z,"14 km SE of Colbún, Chile",earthquake,7.49,5.637,0.055,101,reviewed,us,us
2026-02-21T06:18:43.778Z,-5.3342,145.8472,70,5.7,mww,165,35,3.603,0.59,us,us6000saks,2026-03-14T12:24:46.107Z,"14 km SSE of Madang, Papua New Guinea",earthquake,7.67,1.918,0.061,26,reviewed,us,us
2026-02-21T05:03:45.128Z,-6.0767,146.7122,50.769,4.6,mb,28,45,3.336,0.85,us,us6000sakc,2026-03-14T12:06:56.040Z,"78 km NNW of Lae, Papua New Guinea",earthquake,8.68,8.475,0.125,19,reviewed,us,us
2026-02-21T00:28:44.419Z,40.3887,14.9323,299.395,4.7,mww,119,27,0.699,0.71,us,us6000sajm,2026-03-10T03:43:00.040Z,"5 km WSW of Licinella-Torre di Paestum, Italy",earthquake,6.93,4.884,0.098,10,reviewed,us,us
2026-02-20T20:38:05.133Z,-56.6821,-25.8629,73.247,4.7,mb,45,109,6.5,0.81,us,us7000s2av,2026-03-18T15:44:06.040Z,"South Sandwich Islands region",earthquake,15.45,6.844,0.12,22,reviewed,us,us
2026-02-20T19:25:18.204Z,-56.8629,-26.0356,74.516,4.6,mb,23,208,6.466,0.51,us,us7000s2aq,2026-03-17T22:00:32.040Z,"South Sandwich Islands region",earthquake,17.55,9.627,0.193,9,reviewed,us,us
2026-02-20T19:16:49.135Z,24.2509,122.8599,51.812,4.5,mww,73,66,0.256,0.97,us,us6000sai1,2026-03-17T21:49:44.040Z,"27 km SSW of Yonakuni, Japan",earthquake,4.67,1.784,0.089,12,reviewed,us,us
2026-02-20T14:57:41.723Z,-13.8353,172.3008,603.097,4.7,mb,65,68,5.187,0.57,us,us6000saef,2026-03-17T14:53:53.040Z,"Vanuatu region",earthquake,11.43,8.309,0.03,338,reviewed,us,us
2026-02-20T14:16:30.267Z,41.5427,141.9999,54.152,5.3,mww,80,114,0.986,0.76,us,us6000sae0,2026-03-17T14:42:31.040Z,"71 km ENE of Mutsu, Japan",earthquake,5.26,5.929,0.078,16,reviewed,us,us
2026-02-20T13:36:39.929Z,-4.1425,132.1563,10,4.6,mb,40,113,1.219,1.05,us,us6000sadv,2026-03-17T14:13:07.040Z,"135 km S of Fakfak, Indonesia",earthquake,6.03,1.907,0.09,37,reviewed,us,us
2026-02-20T13:09:53.523Z,35.5939,69.7478,82,5.8,mww,149,28,1.188,0.9,us,us6000sadt,2026-03-17T14:48:04.445Z,"37 km NE of Bāzārak, Afghanistan",earthquake,6.74,1.928,0.06,27,reviewed,us,us
2026-02-20T12:59:33.609Z,-8.8569,-109.4468,10,4.5,mb,53,207,29.869,0.54,us,us7000s2am,2026-03-17T11:35:51.040Z,"central East Pacific Rise",earthquake,9.41,1.914,0.076,50,reviewed,us,us
2026-02-20T12:56:29.420Z,-8.7889,-109.2564,10,5.2,mww,59,144,20.537,1.04,us,us6000sadp,2026-03-17T13:57:37.040Z,"central East Pacific Rise",earthquake,15.08,1.91,0.078,16,reviewed,us,us
2026-02-20T12:24:45.042Z,-23.4172,179.2555,562.112,4.5,mb,42,76,5.755,0.85,us,us6000sadl,2026-03-17T13:33:08.040Z,"south of the Fiji Islands",earthquake,14.71,9.769,0.092,35,reviewed,us,us
2026-02-20T11:54:42.961Z,42.3799,85.6945,10,4.5,mb,34,118,4.662,0.51,us,us7000s2ai,2026-03-17T06:22:24.040Z,"60 km WSW of Baluntaicun, China",earthquake,10.95,1.915,0.106,26,reviewed,us,us
2026-02-20T10:39:18.090Z,36.6758,142.2563,10,4.5,mb,57,138,3.259,0.67,us,us6000sadg,2026-03-18T14:03:21.040Z,"129 km ESE of Iwaki, Japan",earthquake,5.19,2.46,0.091,36,reviewed,us,us
2026-02-20T09:11:21.008Z,-11.2502,162.656,10,4.6,mb,36,89,3.216,0.56,us,us7000s2a5,2026-03-19T11:58:00.040Z,"119 km SE of Kirakira, Solomon Islands",earthquake,8.8,1.886,0.11,25,reviewed,us,us
2026-02-20T09:00:19.393Z,-19.7221,169.0475,124.41,4.5,mb,20,83,3.241,0.65,us,us7000s2a3,2026-03-19T11:12:51.040Z,"31 km SW of Isangel, Vanuatu",earthquake,9.12,9.682,0.145,14,reviewed,us,us
2026-02-20T07:21:12.264Z,-37.0647,-96.5435,10,5,mww,58,152,19.139,0.74,us,us6000sacu,2026-03-07T07:47:43.040Z,"southeast of Easter Island",earthquake,9.13,1.822,0.083,14,reviewed,us,us
2026-02-20T03:22:34.311Z,-12.4156,166.991,217.933,4.5,mb,32,87,3.02,0.87,us,us6000sac0,2026-03-05T22:52:56.040Z,"172 km NNW of Sola, Vanuatu",earthquake,11.49,7.587,0.097,31,reviewed,us,us
2026-02-20T02:58:58.875Z,1.7055,128.2663,103.335,4.6,mb,45,108,6.079,0.53,us,us6000sabw,2026-03-05T22:49:49.040Z,"28 km E of Tobelo, Indonesia",earthquake,11.12,6.653,0.083,47,reviewed,us,us
2026-02-19T20:32:57.151Z,-20.7042,-178.6056,584.64,4.6,mb,51,127,4.317,0.77,us,us6000saa7,2026-03-09T17:57:49.040Z,"Fiji region",earthquake,15.23,8.264,0.082,44,reviewed,us,us
2026-02-19T17:34:41.508Z,1.1733,-90.6632,10,4.7,mb,54,160,1.873,0.53,us,us6000sa9d,2026-03-09T17:19:16.040Z,"215 km N of Puerto Ayora, Ecuador",earthquake,9.29,1.91,0.066,69,reviewed,us,us
2026-02-19T17:17:22.502Z,1.3625,-90.5569,10,4.9,mww,66,152,2.041,0.6,us,us6000sa9b,2026-03-09T17:13:27.040Z,"234 km N of Puerto Ayora, Ecuador",earthquake,10.05,1.904,0.089,12,reviewed,us,us
2026-02-19T15:01:38.361Z,24.1216,141.9985,96.716,4.6,mb,34,106,12.807,0.5,us,us7000s290,2026-03-14T17:10:56.040Z,"Volcano Islands, Japan region",earthquake,10.34,8.867,0.076,51,reviewed,us,us
2026-02-19T14:43:09.111Z,9.7009,126.0826,33.513,4.7,mb,80,85,2.661,0.6,us,us6000sa76,2026-03-14T16:58:09.755Z,"6 km SSW of Union, Philippines",earthquake,5.98,4.718,0.055,100,reviewed,us,us
2026-02-19T14:38:39.158Z,51.9574,-169.554,10,4.8,mb,94,151,0.837,0.68,us,us6000sa70,2026-03-14T16:52:40.040Z,"118 km SSW of Nikolski, Alaska",earthquake,5.39,1.885,0.036,234,reviewed,us,us
2026-02-19T14:18:06.650Z,19.8711,-66.5455,34,5.1,ml,32,220,1.3941,0.34,pr,pr2026050001,2026-03-14T14:42:11.002Z,"155 km N of Arecibo, Puerto Rico",earthquake,1.7,20.73,0.1,23,reviewed,pr,pr
2026-02-19T13:44:16.162Z,5.6066,127.1027,114.108,4.7,mb,44,118,2.099,0.71,us,us6000sa6c,2026-03-14T13:58:00.040Z,"132 km SE of Pondaguitan, Philippines",earthquake,13.09,6.702,0.082,45,reviewed,us,us
2026-02-19T13:13:47.623Z,6.1725,123.6648,10,4.5,mb,30,97,2.1,0.52,us,us7000s28v,2026-03-14T13:45:11.040Z,"51 km SW of Sangay, Philippines",earthquake,9.62,1.922,0.115,22,reviewed,us,us
2026-02-19T11:15:34.594Z,-39.6619,-56.5906,10,4.7,mb,45,70,9.974,1,us,us6000sa5t,2026-03-18T12:13:58.543Z,"202 km SSE of Mar del Plata, Argentina",earthquake,9.46,1.89,0.093,35,reviewed,us,us
2026-02-19T09:09:14.321Z,42.1906,80.5811,10,5,mb,110,77,1.394,0.77,us,us6000sa5f,2026-03-17T08:30:09.040Z,"114 km NNE of Aksu, China",earthquake,6.37,1.843,0.06,89,reviewed,us,us
2026-02-19T08:12:57.032Z,-4.3498,151.9191,198.981,4.5,mb,17,119,0.29,0.54,us,us7000s28m,2026-03-14T06:09:48.040Z,"31 km WSW of Rabaul, Papua New Guinea",earthquake,12.19,9.139,0.145,14,reviewed,us,us
2026-02-19T07:02:16.000Z,-5.6588,133.7698,10,4.9,mb,53,75,3.115,0.37,us,us6000sa54,2026-03-14T05:49:37.040Z,"112 km E of Tual, Indonesia",earthquake,7.1,1.876,0.082,47,reviewed,us,us
2026-02-19T06:58:35.388Z,-22.2161,-178.2175,377.088,4.5,mb,21,110,5.664,0.79,us,us6000sa50,2026-03-14T05:48:02.040Z,"south of the Fiji Islands",earthquake,13.29,10.08,0.121,20,reviewed,us,us
2026-02-19T06:37:26.588Z,52.0172,-179.9066,127.422,4.7,mb,209,52,0.278,0.82,us,us6000sa4v,2026-03-14T05:46:29.040Z,"225 km W of Adak, Alaska",earthquake,7.68,4.794,0.03,331,reviewed,us,us
2026-02-19T04:53:20.865Z,36.9184,21.458,10,4.6,mb,61,81,0.455,1.24,us,us6000sa45,2026-03-14T03:11:09.040Z,"21 km W of Pýlos, Greece",earthquake,4.65,1.868,0.084,42,reviewed,us,us
2026-02-19T04:41:30.009Z,4.2674,128.3829,10,4.6,mb,42,126,3.941,1.31,us,us6000sa4b,2026-03-14T03:26:45.040Z,"283 km N of Tobelo, Indonesia",earthquake,13.07,1.895,0.087,39,reviewed,us,us
2026-02-19T03:22:37.538Z,4.0579,128.2261,35,4.6,mb,49,117,3.986,0.82,us,us6000sa3v,2026-03-14T02:48:07.040Z,"258 km N of Tobelo, Indonesia",earthquake,11.63,1.937,0.084,42,reviewed,us,us
2026-02-19T03:11:59.598Z,3.8608,128.0953,88.992,4.5,mb,41,73,4.054,0.84,us,us6000sa3r,2026-03-14T01:09:20.040Z,"235 km N of Tobelo, Indonesia",earthquake,10.41,8.205,0.09,36,reviewed,us,us
2026-02-19T03:00:08.615Z,11.4277,-86.3134,73.375,4.7,mww,85,141,1.118,0.89,us,us6000sa3l,2026-03-14T00:55:54.239Z,"36 km SSW of La Conquista, Nicaragua",earthquake,8.11,8.54,0.11,8,reviewed,us,us
2026-02-19T00:26:17.365Z,1.3768,122.081,33.861,5.5,mww,217,46,6.644,0.71,us,us6000sa2c,2026-03-17T03:03:18.098Z,"143 km NW of Gorontalo, Indonesia",earthquake,6.55,2.991,0.062,25,reviewed,us,us
2026-02-18T23:36:44.500Z,49.2644,154.8256,82.236,4.8,mb,140,91,4.252,0.61,us,us6000sa28,2026-03-13T06:02:31.040Z,"182 km SSW of Severo-Kuril’sk, Russia",earthquake,10.16,7.118,0.044,160,reviewed,us,us
2026-02-18T22:40:28.752Z,37.3977,141.9228,43.546,4.6,mb,68,123,3.094,0.82,us,us6000sa20,2026-03-13T05:46:43.040Z,"80 km E of Tomioka, Japan",earthquake,7.96,5.964,0.069,63,reviewed,us,us
2026-02-18T19:53:22.673Z,2.9203,-31.4402,10,5.2,mb,126,41,9.765,0.45,us,us6000sa0y,2026-03-04T22:29:16.040Z,"central Mid-Atlantic Ridge",earthquake,9.78,1.79,0.044,170,reviewed,us,us
2026-02-18T19:32:14.136Z,-23.2835,-67.7303,140.09,4.7,mb,26,86,0.529,0.54,us,us6000sa0v,2026-03-04T21:52:44.040Z,"63 km SE of San Pedro de Atacama, Chile",earthquake,10.42,6.507,0.13,18,reviewed,us,us
2026-02-18T14:07:54.605Z,-55.8954,-26.3361,10,4.7,mb,27,195,6.049,0.68,us,us7000s20s,2026-03-13T07:13:10.040Z,"South Sandwich Islands region",earthquake,13.83,1.91,0.126,19,reviewed,us,us
2026-02-18T12:11:58.575Z,52.6033,160.4241,35,4.5,mb,36,120,1.156,1.23,us,us6000s9yj,2026-03-12T06:41:22.040Z,"131 km ESE of Petropavlovsk-Kamchatsky, Russia",earthquake,9.35,1.931,0.1,29,reviewed,us,us
2026-02-18T09:06:35.971Z,9.6512,-82.7634,10,4.6,mb,78,67,0.613,0.59,us,us6000s9y5,2026-03-12T06:01:44.696Z,"13 km NNW of Barranco Adentro, Panama",earthquake,7.45,1.904,0.063,75,reviewed,us,us
2026-02-18T07:57:31.577Z,-16.7217,-179.2143,532.489,4.5,mb,61,36,1.379,0.98,us,us6000s9xy,2026-03-06T06:49:00.040Z,"154 km ESE of Labasa, Fiji",earthquake,11.53,7.696,0.043,162,reviewed,us,us
2026-02-18T07:35:50.915Z,24.9553,124.0438,95.58,4.7,mb,81,71,0.599,0.97,us,us6000s9xv,2026-03-06T06:43:10.040Z,"68 km N of Ishigaki, Japan",earthquake,4.8,6.014,0.05,121,reviewed,us,us
2026-02-18T04:33:53.624Z,-35.064,53.9346,10,4.5,mb,13,89,11.463,0.65,us,us7000s206,2026-03-04T23:56:21.040Z,"Southwest Indian Ridge",earthquake,5.21,1.921,0.18,9,reviewed,us,us
2026-02-18T02:27:47.935Z,29.2093,130.5899,31.663,5.1,mww,113,79,2.295,0.75,us,us6000s9wt,2026-03-07T01:34:51.421Z,"113 km S of Koshima, Japan",earthquake,6.26,4.881,0.086,13,reviewed,us,us
2026-02-18T02:15:27.939Z,-6.216,131.2277,71.316,5.2,mb,108,53,2.137,0.69,us,us6000s9wr,2026-03-07T01:20:13.040Z,"180 km WSW of Tual, Indonesia",earthquake,7.79,6.8,0.059,94,reviewed,us,us
2026-02-18T00:45:29.090Z,-14.2131,166.5951,10,5,mb,49,134,1.36,0.6,us,us6000s9we,2026-03-11T23:58:26.040Z,"105 km NNW of Port-Olry, Vanuatu",earthquake,12.02,1.859,0.09,39,reviewed,us,us
2026-02-18T00:35:57.005Z,-30.4582,-177.6878,35,4.6,mb,25,98,7.826,0.5,us,us7000s204,2026-03-11T23:41:41.040Z,"Kermadec Islands, New Zealand",earthquake,7.22,1.961,0.136,16,reviewed,us,us
2026-02-18T00:19:13.940Z,15.7132,-98.3052,10,4.8,mww,80,171,0.697,0.85,us,us6000s9wb,2026-03-05T03:00:23.082Z,"59 km SSW of Corralero, Mexico",earthquake,8.43,1.922,0.068,21,reviewed,us,us
2026-02-17T23:12:44.742Z,50.961,-177.9573,10,4.6,mb,73,178,0.796,0.92,us,us6000s9w4,2026-03-04T02:17:37.040Z,"137 km SW of Adak, Alaska",earthquake,4.56,1.871,0.044,153,reviewed,us,us
2026-02-17T22:52:43.650Z,-5.9917,147.4435,81.176,4.6,mb,25,124,3.402,0.41,us,us7000s1rv,2026-03-11T23:17:07.040Z,"76 km NW of Finschhafen, Papua New Guinea",earthquake,11.86,7.866,0.125,19,reviewed,us,us
2026-02-17T20:01:38.074Z,51.6377,159.0807,39.833,4.5,mb,45,138,1.413,0.76,us,us6000s9uy,2026-03-04T17:08:06.040Z,"151 km SSE of Vilyuchinsk, Russia",earthquake,9.19,6.811,0.089,37,reviewed,us,us
2026-02-17T19:24:21.376Z,-0.1307,124.6068,80.146,4.6,mb,81,63,6.858,1.03,us,us6000s9uj,2026-03-04T16:56:19.040Z,"67 km SSE of Modisi, Indonesia",earthquake,10.68,8.136,0.064,72,reviewed,us,us
2026-02-17T18:09:24.210Z,-15.0848,66.9289,10,4.6,mb,22,142,22.583,0.31,us,us7000s1rs,2026-03-04T16:04:25.040Z,"Mid-Indian Ridge",earthquake,11.6,1.862,0.152,13,reviewed,us,us
2026-02-17T18:00:52.699Z,-8.2804,108.1062,85.027,4.9,mb,83,95,0.93,0.59,us,us6000s9u1,2026-03-04T15:59:04.327Z,"100 km S of Kawalu, Indonesia",earthquake,6.81,5.771,0.07,65,reviewed,us,us
2026-02-17T17:30:50.291Z,0.4378,121.6745,123.984,4.5,mb,54,77,5.746,0.82,us,us6000s9tz,2026-03-03T22:45:23.040Z,"154 km W of Gorontalo, Indonesia",earthquake,10.29,6.949,0.088,38,reviewed,us,us
2026-02-17T15:35:33.025Z,-21.8806,-68.6223,107.988,4.6,mb,52,46,0.582,0.58,us,us6000s9sc,2026-03-12T21:28:57.040Z,"70 km NNE of Calama, Chile",earthquake,5.08,6.085,0.072,58,reviewed,us,us
2026-02-17T15:11:15.953Z,-23.5837,179.8445,543.235,4.9,mb,147,35,6.046,0.8,us,us6000s9sa,2026-03-12T21:26:28.040Z,"south of the Fiji Islands",earthquake,11.01,6.263,0.035,255,reviewed,us,us
2026-02-17T15:05:15.477Z,22.1555,100.824,10,4.6,mb,99,47,1.963,0.5,us,us6000s9s9,2026-03-12T21:21:52.040Z,"20 km NNE of Jinghong, China",earthquake,5.4,2.61,0.061,85,reviewed,us,us
